{"objects": [
    {
        "id":"Gas",
        "h":"203",
        "x":"277",
        "r":"0",
        "sY":"10.149993896484375",
        "sX":"27.794036865234375",
        "p":"1",
        "w":"555.9",
        "y":"102",
    },
    {
        "id":"Light1",
        "h":"139.5",
        "x":"102",
        "r":"0",
        "sY":"1",
        "sX":"1",
        "p":"0",
        "w":"194.95",
        "y":"330",
    },
    {
        "id":"Start",
        "h":"100",
        "x":"680",
        "r":"0",
        "sY":"1",
        "sX":"1",
        "p":"0",
        "w":"80",
        "y":"351",
    },
    {
        "id":"StaticBlock",
        "h":"30",
        "x":"359",
        "r":"0",
        "sY":"0.6666717529296875",
        "sX":"16.713638305664063",
        "p":"0",
        "w":"752.1",
        "y":"416",
    },
    {
        "id":"Finish",
        "h":"100",
        "x":"90",
        "r":"0",
        "sY":"1",
        "sX":"1",
        "p":"0",
        "w":"80",
        "y":"154",
    },
    {
        "id":"Collect",
        "h":"30",
        "x":"47",
        "r":"0",
        "sY":"1",
        "sX":"1",
        "p":"0",
        "w":"30",
        "y":"275",
    },
    {
        "id":"Security",
        "h":"95",
        "x":"133",
        "r":"0",
        "sY":"1",
        "sX":"8.64154052734375",
        "p":"2",
        "w":"259.2",
        "y":"352",
    },
    {
        "id":"StaticBlock",
        "h":"30",
        "x":"467",
        "r":"180",
        "sY":"0.6666717529296875",
        "sX":"12.195327758789063",
        "p":"0",
        "w":"548.8",
        "y":"287",
    },
    {
        "id":"Trampoline",
        "h":"20",
        "x":"254",
        "r":"0",
        "sY":"1",
        "sX":"2.7720184326171875",
        "p":"0",
        "w":"110.9",
        "y":"195",
    },
    {
        "id":"Trampoline",
        "h":"103",
        "x":"204",
        "r":"90",
        "sY":"1",
        "sX":"2.5740966796875",
        "p":"0",
        "w":"20",
        "y":"140",
    },
    {
        "id":"StaticBlock",
        "h":"30",
        "x":"539",
        "r":"180",
        "sY":"0.6666717529296875",
        "sX":"8.906951904296875",
        "p":"0",
        "w":"400.8",
        "y":"116",
    },
    {
        "id":"StaticBlock",
        "h":"142.7",
        "x":"184",
        "r":"-90",
        "sY":"0.6666717529296875",
        "sX":"3.171661376953125",
        "p":"0",
        "w":"30",
        "y":"154",
    },
    {
        "id":"StaticBlock",
        "h":"60.4",
        "x":"542",
        "r":"-90",
        "sY":"0.6666717529296875",
        "sX":"1.341552734375",
        "p":"0",
        "w":"30",
        "y":"30",
    },
    {
        "id":"ButtonHero",
        "h":"49.85",
        "x":"695",
        "r":"-90",
        "sY":"1",
        "sX":"1",
        "p":"1",
        "w":"54.1",
        "y":"56",
    },
    {
        "id":"StaticBlock",
        "h":"178.7",
        "x":"706",
        "r":"-90",
        "sY":"1.1338348388671875",
        "sX":"3.971649169921875",
        "p":"0",
        "w":"51",
        "y":"196",
    },
    {
        "id":"StaticBlock",
        "h":"30",
        "x":"267",
        "r":"180",
        "sY":"0.6666717529296875",
        "sX":"12.8597412109375",
        "p":"0",
        "w":"578.7",
        "y":"214",
    },
    {
        "id":"NoTeleport",
        "h":"45",
        "x":"375",
        "r":"0",
        "sY":"1",
        "sX":"8.10015869140625",
        "p":"0",
        "w":"364.5",
        "y":"250",
    },
] }