{"objects": [
    {
        "id":"Light1",
        "h":"139.5",
        "x":"462",
        "r":"0",
        "sY":"1",
        "sX":"1",
        "p":"0",
        "w":"194.95",
        "y":"332",
    },
    {
        "id":"Start",
        "h":"100",
        "x":"556",
        "r":"0",
        "sY":"1",
        "sX":"1",
        "p":"0",
        "w":"80",
        "y":"60",
    },
    {
        "id":"Finish",
        "h":"100",
        "x":"665",
        "r":"0",
        "sY":"1",
        "sX":"1",
        "p":"0",
        "w":"80",
        "y":"354",
    },
    {
        "id":"Collect",
        "h":"30",
        "x":"163",
        "r":"0",
        "sY":"1",
        "sX":"1",
        "p":"0",
        "w":"30",
        "y":"378",
    },
    {
        "id":"StaticBlock",
        "h":"30",
        "x":"532",
        "r":"0",
        "sY":"0.6666717529296875",
        "sX":"9.00732421875",
        "p":"0",
        "w":"405.3",
        "y":"416",
    },
    {
        "id":"PlatformaV",
        "h":"379.8",
        "x":"128",
        "r":"0",
        "sY":"12.658462524414063",
        "sX":"1.00018310546875",
        "p":"0",
        "w":"30",
        "y":"260",
    },
    {
        "id":"Spike",
        "h":"50.1",
        "x":"127",
        "r":"0",
        "sY":"2.50250244140625",
        "sX":"4.4524993896484375",
        "p":"0",
        "w":"178.1",
        "y":"25",
    },
    {
        "id":"StaticBlock",
        "h":"156.5",
        "x":"387",
        "r":"90",
        "sY":"0.6666717529296875",
        "sX":"3.477142333984375",
        "p":"0",
        "w":"30",
        "y":"188",
    },
    {
        "id":"StaticBlock",
        "h":"29.5",
        "x":"345",
        "r":"90",
        "sY":"0.6666717529296875",
        "sX":"0.654815673828125",
        "p":"0",
        "w":"30",
        "y":"387",
    },
    {
        "id":"ButtonBall",
        "h":"15.1",
        "x":"469",
        "r":"0",
        "sY":"1",
        "sX":"1",
        "p":"1",
        "w":"40",
        "y":"393",
    },
    {
        "id":"DoorU",
        "h":"174.2",
        "x":"443",
        "r":"0",
        "sY":"5.80804443359375",
        "sX":"1",
        "p":"1",
        "w":"30",
        "y":"22",
    },
    {
        "id":"Key",
        "h":"34.6",
        "x":"391",
        "r":"0",
        "sY":"1",
        "sX":"1",
        "p":"0",
        "w":"19.65",
        "y":"76",
    },
    {
        "id":"DoorL",
        "h":"30",
        "x":"796",
        "r":"0",
        "sY":"1.000885009765625",
        "sX":"3.40069580078125",
        "p":"1",
        "w":"102",
        "y":"125",
    },
    {
        "id":"StaticBlock",
        "h":"29.5",
        "x":"581",
        "r":"90",
        "sY":"0.6666717529296875",
        "sX":"0.654815673828125",
        "p":"0",
        "w":"30",
        "y":"387",
    },
    {
        "id":"Spike",
        "h":"23.9",
        "x":"89",
        "r":"0",
        "sY":"1.19464111328125",
        "sX":"19.1011962890625",
        "p":"0",
        "w":"764",
        "y":"673",
    },
    {
        "id":"StaticBlock",
        "h":"30",
        "x":"494",
        "r":"180",
        "sY":"0.6666717529296875",
        "sX":"6.923126220703125",
        "p":"0",
        "w":"311.5",
        "y":"125",
    },
] }