{"objects": [
    {
        "id":"Light1",
        "h":"139.5",
        "x":"248",
        "r":"0",
        "sY":"1",
        "sX":"1",
        "p":"0",
        "w":"194.95",
        "y":"132",
    },
    {
        "id":"Light1",
        "h":"139.5",
        "x":"661",
        "r":"0",
        "sY":"1",
        "sX":"1",
        "p":"0",
        "w":"194.95",
        "y":"332",
    },
    {
        "id":"Finish",
        "h":"100",
        "x":"445",
        "r":"0",
        "sY":"1",
        "sX":"1",
        "p":"0",
        "w":"80",
        "y":"156",
    },
    {
        "id":"Collect",
        "h":"30",
        "x":"76",
        "r":"0",
        "sY":"1",
        "sX":"1",
        "p":"0",
        "w":"30",
        "y":"102",
    },
    {
        "id":"StaticBlock",
        "h":"30",
        "x":"359",
        "r":"0",
        "sY":"0.6666717529296875",
        "sX":"16.713638305664063",
        "p":"0",
        "w":"752.1",
        "y":"416",
    },
    {
        "id":"Start",
        "h":"100",
        "x":"444",
        "r":"0",
        "sY":"1",
        "sX":"1",
        "p":"0",
        "w":"80",
        "y":"291",
    },
    {
        "id":"StaticBlock",
        "h":"30",
        "x":"360",
        "r":"0",
        "sY":"0.6666717529296875",
        "sX":"9.802841186523438",
        "p":"0",
        "w":"441.1",
        "y":"356",
    },
    {
        "id":"StaticBlock",
        "h":"30",
        "x":"360",
        "r":"0",
        "sY":"0.6666717529296875",
        "sX":"9.802841186523438",
        "p":"0",
        "w":"441.1",
        "y":"217",
    },
    {
        "id":"StaticBlock",
        "h":"369.8",
        "x":"360",
        "r":"90",
        "sY":"0.6666717529296875",
        "sX":"8.21734619140625",
        "p":"0",
        "w":"30",
        "y":"185",
    },
    {
        "id":"KeyDouble",
        "h":"30",
        "x":"443",
        "r":"-90",
        "sY":"1",
        "sX":"1",
        "p":"1",
        "w":"70",
        "y":"49",
    },
    {
        "id":"ButtonHero",
        "h":"49.85",
        "x":"317",
        "r":"-90",
        "sY":"1",
        "sX":"1",
        "p":"1",
        "w":"54.1",
        "y":"163",
    },
    {
        "id":"ButtonHero",
        "h":"49.85",
        "x":"317",
        "r":"-90",
        "sY":"1",
        "sX":"1",
        "p":"1",
        "w":"54.1",
        "y":"302",
    },
    {
        "id":"Laser",
        "h":"355",
        "x":"10",
        "r":"0",
        "sY":"11.83404541015625",
        "sX":"1",
        "p":"2",
        "w":"20",
        "y":"185",
    },
    {
        "id":"PointCreate",
        "h":"25",
        "x":"14",
        "r":"180",
        "sY":"0.5",
        "sX":"0.5",
        "p":"2",
        "w":"25",
        "y":"72",
    },
    {
        "id":"NoTeleport",
        "h":"43",
        "x":"360",
        "r":"90",
        "sY":"9.8233642578125",
        "sX":"0.9553985595703125",
        "p":"0",
        "w":"442.1",
        "y":"391",
    },
] }