{"objects": [
    {
        "id":"Start",
        "h":"100",
        "x":"381",
        "r":"0",
        "sY":"1",
        "sX":"1",
        "p":"0",
        "w":"80",
        "y":"350",
    },
    {
        "id":"Security",
        "h":"95",
        "x":"226",
        "r":"0",
        "sY":"1",
        "sX":"12.9552001953125",
        "p":"100",
        "w":"388.7",
        "y":"352",
    },
    {
        "id":"Light1",
        "h":"139.5",
        "x":"230",
        "r":"0",
        "sY":"1",
        "sX":"1",
        "p":"0",
        "w":"194.95",
        "y":"342",
    },
    {
        "id":"Light1",
        "h":"139.5",
        "x":"128",
        "r":"0",
        "sY":"1",
        "sX":"1",
        "p":"0",
        "w":"194.95",
        "y":"342",
    },
    {
        "id":"Light1",
        "h":"139.5",
        "x":"333",
        "r":"0",
        "sY":"1",
        "sX":"1",
        "p":"0",
        "w":"194.95",
        "y":"342",
    },
    {
        "id":"Finish",
        "h":"100",
        "x":"218",
        "r":"0",
        "sY":"1",
        "sX":"1",
        "p":"0",
        "w":"80",
        "y":"97",
    },
    {
        "id":"Collect",
        "h":"30",
        "x":"53",
        "r":"0",
        "sY":"1",
        "sX":"1",
        "p":"0",
        "w":"30",
        "y":"24",
    },
    {
        "id":"StaticBlock",
        "h":"30.4",
        "x":"360",
        "r":"180",
        "sY":"0.675567626953125",
        "sX":"16.221939086914063",
        "p":"0",
        "w":"730",
        "y":"415",
    },
    {
        "id":"Key",
        "h":"34.6",
        "x":"699",
        "r":"0",
        "sY":"1",
        "sX":"1",
        "p":"0",
        "w":"19.65",
        "y":"369",
    },
    {
        "id":"StaticBlock",
        "h":"228",
        "x":"15",
        "r":"90",
        "sY":"0.6666717529296875",
        "sX":"5.06591796875",
        "p":"0",
        "w":"30",
        "y":"287",
    },
    {
        "id":"Laser",
        "h":"20",
        "x":"367",
        "r":"90",
        "sY":"17.468673706054688",
        "sX":"1",
        "p":"3",
        "w":"524.1",
        "y":"183",
    },
    {
        "id":"StaticBlock",
        "h":"124.1",
        "x":"438",
        "r":"90",
        "sY":"0.6666717529296875",
        "sX":"2.758209228515625",
        "p":"0",
        "w":"30",
        "y":"348",
    },
    {
        "id":"StaticBlock",
        "h":"30",
        "x":"630",
        "r":"180",
        "sY":"0.6666717529296875",
        "sX":"4.0043182373046875",
        "p":"0",
        "w":"180.2",
        "y":"283",
    },
    {
        "id":"PointCreate",
        "h":"25",
        "x":"596",
        "r":"180",
        "sY":"0.5",
        "sX":"0.5",
        "p":"3",
        "w":"25",
        "y":"187",
    },
    {
        "id":"StaticBlock",
        "h":"30",
        "x":"280",
        "r":"180",
        "sY":"0.6666717529296875",
        "sX":"7.6617279052734375",
        "p":"0",
        "w":"344.8",
        "y":"283",
    },
    {
        "id":"StaticBlock",
        "h":"30",
        "x":"317",
        "r":"180",
        "sY":"0.6666717529296875",
        "sX":"14.120864868164063",
        "p":"0",
        "w":"635.4",
        "y":"158",
    },
    {
        "id":"Laser",
        "h":"108.4",
        "x":"706",
        "r":"180",
        "sY":"3.611846923828125",
        "sX":"1",
        "p":"0",
        "w":"20",
        "y":"56",
    },
    {
        "id":"StaticBlock",
        "h":"64.7",
        "x":"313",
        "r":"-90",
        "sY":"0.6666717529296875",
        "sX":"1.43719482421875",
        "p":"0",
        "w":"30",
        "y":"71",
    },
] }