{"objects": [
    {
        "id":"StaticBlock",
        "h":"40",
        "x":"612",
        "r":"-90",
        "sY":"0.2222137451171875",
        "sX":"0.889068603515625",
        "p":"0",
        "w":"10",
        "y":"400",
    },
    {
        "id":"Light1",
        "h":"139.5",
        "x":"512",
        "r":"0",
        "sY":"1",
        "sX":"1",
        "p":"0",
        "w":"194.95",
        "y":"333",
    },
    {
        "id":"Start",
        "h":"100",
        "x":"555",
        "r":"0",
        "sY":"1",
        "sX":"1",
        "p":"0",
        "w":"80",
        "y":"352",
    },
    {
        "id":"Finish",
        "h":"100",
        "x":"634",
        "r":"0",
        "sY":"1",
        "sX":"1",
        "p":"0",
        "w":"80",
        "y":"88",
    },
    {
        "id":"StaticBlock",
        "h":"30",
        "x":"426",
        "r":"0",
        "sY":"0.6666717529296875",
        "sX":"5.83807373046875",
        "p":"0",
        "w":"262.7",
        "y":"271",
    },
    {
        "id":"Spike",
        "h":"20",
        "x":"668",
        "r":"0",
        "sY":"1",
        "sX":"2.57611083984375",
        "p":"0",
        "w":"103",
        "y":"392",
    },
    {
        "id":"Trampoline",
        "h":"19",
        "x":"150",
        "r":"0",
        "sY":"0.949951171875",
        "sX":"2.71923828125",
        "p":"0",
        "w":"108.8",
        "y":"392",
    },
    {
        "id":"StaticBlock",
        "h":"30",
        "x":"32",
        "r":"0",
        "sY":"0.6666717529296875",
        "sX":"1.4219818115234375",
        "p":"0",
        "w":"64",
        "y":"333",
    },
    {
        "id":"StaticBlock",
        "h":"133.8",
        "x":"150",
        "r":"0",
        "sY":"2.9737396240234375",
        "sX":"0.6670379638671875",
        "p":"0",
        "w":"30",
        "y":"201",
    },
    {
        "id":"SpikeBarriel",
        "h":"40",
        "x":"48",
        "r":"0",
        "sY":"1.9999847412109375",
        "sX":"2.387298583984375",
        "p":"0",
        "w":"95.5",
        "y":"381",
    },
    {
        "id":"SpikeBarriel",
        "h":"40",
        "x":"250",
        "r":"0",
        "sY":"2",
        "sX":"2.2784423828125",
        "p":"0",
        "w":"91.1",
        "y":"381",
    },
    {
        "id":"StaticBlock",
        "h":"30",
        "x":"302",
        "r":"90",
        "sY":"6.98345947265625",
        "sX":"0.6670379638671875",
        "p":"0",
        "w":"314.3",
        "y":"149",
    },
    {
        "id":"StaticBlock",
        "h":"148.1",
        "x":"309",
        "r":"-90",
        "sY":"0.6666717529296875",
        "sX":"3.290985107421875",
        "p":"0",
        "w":"30",
        "y":"331",
    },
    {
        "id":"ButtonBall",
        "h":"15.1",
        "x":"380",
        "r":"0",
        "sY":"1",
        "sX":"1",
        "p":"1",
        "w":"40",
        "y":"127",
    },
    {
        "id":"DoorD",
        "h":"174.2",
        "x":"395",
        "r":"0",
        "sY":"5.8057708740234375",
        "sX":"1",
        "p":"1",
        "w":"30",
        "y":"373",
    },
    {
        "id":"Key",
        "h":"39.8",
        "x":"353",
        "r":"30",
        "sY":"0.9999944736329873",
        "sX":"0.9999944736329873",
        "p":"0",
        "w":"34.35",
        "y":"359",
    },
    {
        "id":"StaticBlock",
        "h":"30",
        "x":"612",
        "r":"90",
        "sY":"5.31390380859375",
        "sX":"0.6670379638671875",
        "p":"0",
        "w":"239.1",
        "y":"149",
    },
    {
        "id":"StaticBlock",
        "h":"30",
        "x":"472",
        "r":"0",
        "sY":"0.6666717529296875",
        "sX":"2.22113037109375",
        "p":"0",
        "w":"100",
        "y":"88",
    },
    {
        "id":"StaticBlock",
        "h":"36.1",
        "x":"507",
        "r":"-90",
        "sY":"0.6666717529296875",
        "sX":"0.80126953125",
        "p":"0",
        "w":"30",
        "y":"120",
    },
    {
        "id":"NoTeleport",
        "h":"65",
        "x":"458",
        "r":"0",
        "sY":"1.44488525390625",
        "sX":"1.541290283203125",
        "p":"0",
        "w":"69.4",
        "y":"132",
    },
    {
        "id":"Collect",
        "h":"30",
        "x":"26",
        "r":"0",
        "sY":"1",
        "sX":"1",
        "p":"0",
        "w":"30",
        "y":"35",
    },
    {
        "id":"Trampoline",
        "h":"104.8",
        "x":"710",
        "r":"-90",
        "sY":"1",
        "sX":"2.618804931640625",
        "p":"0",
        "w":"20",
        "y":"239",
    },
    {
        "id":"StaticBlock",
        "h":"30",
        "x":"360",
        "r":"0",
        "sY":"0.6666717529296875",
        "sX":"16.445404052734375",
        "p":"0",
        "w":"740",
        "y":"416",
    },
] }