{"objects": [
    {
        "id":"Light1",
        "h":"139.5",
        "x":"637",
        "r":"0",
        "sY":"1",
        "sX":"1",
        "p":"0",
        "w":"194.95",
        "y":"332",
    },
    {
        "id":"NoTeleport",
        "h":"45",
        "x":"377",
        "r":"90",
        "sY":"7.89935302734375",
        "sX":"0.999664306640625",
        "p":"0",
        "w":"355.5",
        "y":"383",
    },
    {
        "id":"Start",
        "h":"100",
        "x":"665",
        "r":"0",
        "sY":"1",
        "sX":"1",
        "p":"0",
        "w":"80",
        "y":"94",
    },
    {
        "id":"Finish",
        "h":"100",
        "x":"68",
        "r":"0",
        "sY":"1",
        "sX":"1",
        "p":"0",
        "w":"80",
        "y":"355",
    },
    {
        "id":"StaticBlock",
        "h":"30",
        "x":"392",
        "r":"0",
        "sY":"0.6666717529296875",
        "sX":"7.2130126953125",
        "p":"0",
        "w":"324.6",
        "y":"355",
    },
    {
        "id":"ButtonHero",
        "h":"49.85",
        "x":"24",
        "r":"90",
        "sY":"1",
        "sX":"1",
        "p":"1",
        "w":"54.1",
        "y":"195",
    },
    {
        "id":"Collect",
        "h":"30",
        "x":"693",
        "r":"0",
        "sY":"1",
        "sX":"1",
        "p":"0",
        "w":"30",
        "y":"207",
    },
    {
        "id":"StaticBlock",
        "h":"30",
        "x":"94",
        "r":"0",
        "sY":"0.6666717529296875",
        "sX":"4.6978759765625",
        "p":"0",
        "w":"211.4",
        "y":"261",
    },
    {
        "id":"StaticBlock",
        "h":"124.6",
        "x":"214",
        "r":"90",
        "sY":"0.6666717529296875",
        "sX":"2.7694091796875",
        "p":"0",
        "w":"30",
        "y":"308",
    },
    {
        "id":"PlatformaG",
        "h":"30",
        "x":"352",
        "r":"0",
        "sY":"1",
        "sX":"14.0909423828125",
        "p":"0",
        "w":"422.7",
        "y":"163",
    },
    {
        "id":"StaticBlock",
        "h":"30",
        "x":"672",
        "r":"0",
        "sY":"0.6666717529296875",
        "sX":"2.7677459716796875",
        "p":"0",
        "w":"124.5",
        "y":"159",
    },
    {
        "id":"DoorD2",
        "h":"83",
        "x":"395",
        "r":"0",
        "sY":"2.7674560546875",
        "sX":"1",
        "p":"1",
        "w":"30",
        "y":"412",
    },
    {
        "id":"StaticBlock",
        "h":"30",
        "x":"360",
        "r":"0",
        "sY":"0.6666717529296875",
        "sX":"16.445404052734375",
        "p":"0",
        "w":"740",
        "y":"416",
    },
    {
        "id":"Spike",
        "h":"11",
        "x":"391",
        "r":"90",
        "sY":"16.143722534179688",
        "sX":"0.2756195068359375",
        "p":"0",
        "w":"322.9",
        "y":"335",
    },
    {
        "id":"StaticBlock",
        "h":"132.7",
        "x":"109",
        "r":"90",
        "sY":"0.6666717529296875",
        "sX":"2.94805908203125",
        "p":"0",
        "w":"30",
        "y":"210",
    },
    {
        "id":"StaticBlock",
        "h":"109.7",
        "x":"109",
        "r":"90",
        "sY":"0.6666717529296875",
        "sX":"2.43707275390625",
        "p":"0",
        "w":"30",
        "y":"25",
    },
    {
        "id":"Spike",
        "h":"11",
        "x":"177",
        "r":"90",
        "sY":"5.24664306640625",
        "sX":"0.2756195068359375",
        "p":"0",
        "w":"104.9",
        "y":"240",
    },
] }