{"objects": [
    {
        "id":"Light1",
        "sX":"1",
        "h":"139.5",
        "x":"618",
        "r":"0",
        "y":"94",
        "p":"0",
        "w":"194.95",
        "sY":"1",
    },
    {
        "id":"Start",
        "sX":"1",
        "h":"100",
        "x":"218",
        "r":"0",
        "y":"113",
        "p":"0",
        "w":"80",
        "sY":"1",
    },
    {
        "id":"Finish",
        "sX":"1",
        "h":"100",
        "x":"659",
        "r":"0",
        "y":"354",
        "p":"0",
        "w":"80",
        "sY":"1",
    },
    {
        "id":"StaticBlock",
        "sX":"9.16839599609375",
        "h":"30",
        "x":"196",
        "r":"180",
        "y":"178",
        "p":"0",
        "w":"412.6",
        "sY":"0.6666717529296875",
    },
    {
        "id":"StaticBlock",
        "sX":"2.7381591796875",
        "h":"123.2",
        "x":"497",
        "r":"-90",
        "y":"165",
        "p":"0",
        "w":"30",
        "sY":"0.6666717529296875",
    },
    {
        "id":"StaticBlock",
        "sX":"5.5065765380859375",
        "h":"30",
        "x":"606",
        "r":"180",
        "y":"178",
        "p":"0",
        "w":"247.8",
        "sY":"0.6666717529296875",
    },
    {
        "id":"ButtonBall",
        "sX":"1",
        "h":"15.1",
        "x":"203",
        "r":"0",
        "y":"393",
        "p":"1",
        "w":"40",
        "sY":"1",
    },
    {
        "id":"DoorD",
        "sX":"1",
        "h":"174.2",
        "x":"497",
        "r":"0",
        "y":"313",
        "p":"1",
        "w":"30",
        "sY":"5.8082275390625",
    },
    {
        "id":"StaticBlock",
        "sX":"5.16900634765625",
        "h":"30",
        "x":"151",
        "r":"0",
        "y":"287",
        "p":"0",
        "w":"232.6",
        "sY":"0.6666717529296875",
    },
    {
        "id":"StaticBlock",
        "sX":"0.6667327880859375",
        "h":"150.2",
        "x":"251",
        "r":"0",
        "y":"350",
        "p":"0",
        "w":"30",
        "sY":"3.337066650390625",
    },
    {
        "id":"StaticBlock",
        "sX":"0.6666717529296875",
        "h":"81.9",
        "x":"49",
        "r":"0",
        "y":"313",
        "p":"0",
        "w":"30",
        "sY":"1.8198699951171875",
    },
    {
        "id":"StaticBlock",
        "sX":"1.4888667578929906",
        "h":"79.2",
        "x":"3",
        "r":"45",
        "y":"407",
        "p":"0",
        "w":"79.2",
        "sY":"0.9999902891687796",
    },
    {
        "id":"Collect",
        "sX":"1",
        "h":"30",
        "x":"640",
        "r":"0",
        "y":"133",
        "p":"0",
        "w":"30",
        "sY":"1",
    },
    {
        "id":"NoTeleport",
        "sX":"1.5784149169921875",
        "h":"158",
        "x":"29",
        "r":"0",
        "y":"351",
        "p":"0",
        "w":"71",
        "sY":"3.51220703125",
    },
    {
        "id":"Spike",
        "sX":"4.314361572265625",
        "h":"57.1",
        "x":"151",
        "r":"0",
        "y":"331",
        "p":"0",
        "w":"172.6",
        "sY":"2.854644775390625",
    },
    {
        "id":"StaticBlock",
        "sX":"16.445404052734375",
        "h":"30",
        "x":"360",
        "r":"0",
        "y":"416",
        "p":"0",
        "w":"740",
        "sY":"0.6666717529296875",
    },
    {
        "id":"StaticBlock",
        "sX":"0.9996795654296875",
        "h":"44.5",
        "x":"698",
        "r":"180",
        "y":"141",
        "p":"0",
        "w":"45",
        "sY":"0.9895782470703125",
    },
] }