{"objects": [
    {
        "id":"Light1",
        "h":"139.5",
        "x":"354",
        "r":"0",
        "y":"332",
        "p":"0",
        "w":"194.95",
        "sY":"1",
        "sX":"1",
    },
    {
        "id":"Light1",
        "h":"139.5",
        "x":"625",
        "r":"0",
        "y":"332",
        "p":"0",
        "w":"194.95",
        "sY":"1",
        "sX":"1",
    },
    {
        "id":"Start",
        "h":"100",
        "x":"48",
        "r":"0",
        "y":"350",
        "p":"0",
        "w":"80",
        "sY":"1",
        "sX":"1",
    },
    {
        "id":"Finish",
        "h":"100",
        "x":"670",
        "r":"0",
        "y":"185",
        "p":"0",
        "w":"80",
        "sY":"1",
        "sX":"1",
    },
    {
        "id":"StaticBlock",
        "h":"297.2",
        "x":"200",
        "r":"-90",
        "y":"282",
        "p":"0",
        "w":"122",
        "sY":"2.71112060546875",
        "sX":"6.6051483154296875",
    },
    {
        "id":"StaticBlock",
        "h":"45",
        "x":"532",
        "r":"0",
        "y":"93",
        "p":"0",
        "w":"244.4",
        "sY":"1.0006103515625",
        "sX":"5.4300537109375",
    },
    {
        "id":"StaticBlock",
        "h":"30",
        "x":"590",
        "r":"0",
        "y":"15",
        "p":"0",
        "w":"260.9",
        "sY":"0.6666717529296875",
        "sX":"5.796875",
    },
    {
        "id":"StaticBlock",
        "h":"116.2",
        "x":"705",
        "r":"-90",
        "y":"58",
        "p":"0",
        "w":"30",
        "sY":"0.6666717529296875",
        "sX":"2.581268310546875",
    },
    {
        "id":"StaticBlock",
        "h":"30",
        "x":"609",
        "r":"0",
        "y":"245",
        "p":"0",
        "w":"247.7",
        "sY":"0.6666717529296875",
        "sX":"5.5038299560546875",
    },
    {
        "id":"Security",
        "h":"95",
        "x":"490",
        "r":"0",
        "y":"354",
        "p":"0",
        "w":"455.1",
        "sY":"1",
        "sX":"15.170379638671875",
    },
    {
        "id":"ButtonHero",
        "h":"49.85",
        "x":"694",
        "r":"-90",
        "y":"363",
        "p":"2",
        "w":"54.1",
        "sY":"1",
        "sX":"1",
    },
    {
        "id":"DoorU",
        "h":"174.1",
        "x":"474",
        "r":"0",
        "y":"-16",
        "p":"2",
        "w":"30",
        "sY":"5.80169677734375",
        "sX":"1",
    },
    {
        "id":"StaticBlock",
        "h":"123.5",
        "x":"500",
        "r":"-90",
        "y":"168",
        "p":"0",
        "w":"30",
        "sY":"0.6666717529296875",
        "sX":"2.745086669921875",
    },
    {
        "id":"Collect",
        "h":"30",
        "x":"354",
        "r":"0",
        "y":"321",
        "p":"0",
        "w":"30",
        "sY":"1",
        "sX":"1",
    },
    {
        "id":"NoTeleport",
        "h":"89.6",
        "x":"582",
        "r":"0",
        "y":"71",
        "p":"0",
        "w":"245.4",
        "sY":"1.99017333984375",
        "sX":"5.4539794921875",
    },
    {
        "id":"StaticBlock",
        "h":"30",
        "x":"360",
        "r":"0",
        "y":"416",
        "p":"0",
        "w":"740",
        "sY":"0.6666717529296875",
        "sX":"16.445404052734375",
    },
] }