{"objects": [
    {
        "id":"NoTeleport",
        "h":"150",
        "x":"329",
        "r":"90",
        "sY":"8.4254150390625",
        "sX":"3.3339691162109375",
        "p":"0",
        "w":"379.1",
        "y":"201",
    },
    {
        "id":"Light1",
        "h":"139.5",
        "x":"617",
        "r":"0",
        "sY":"1",
        "sX":"1",
        "p":"0",
        "w":"194.95",
        "y":"331",
    },
    {
        "id":"Start",
        "h":"100",
        "x":"60",
        "r":"0",
        "sY":"1",
        "sX":"1",
        "p":"0",
        "w":"80",
        "y":"350",
    },
    {
        "id":"Finish",
        "h":"100",
        "x":"54",
        "r":"0",
        "sY":"1",
        "sX":"1",
        "p":"0",
        "w":"80",
        "y":"56",
    },
    {
        "id":"Collect",
        "h":"30",
        "x":"639",
        "r":"0",
        "sY":"1",
        "sX":"1",
        "p":"0",
        "w":"30",
        "y":"35",
    },
    {
        "id":"Laser",
        "h":"367.9",
        "x":"710",
        "r":"180",
        "sY":"12.264129638671875",
        "sX":"1",
        "p":"0",
        "w":"20",
        "y":"202",
    },
    {
        "id":"PointCreate",
        "h":"25",
        "x":"710",
        "r":"0",
        "sY":"0.5",
        "sX":"0.5",
        "p":"1",
        "w":"25",
        "y":"93",
    },
    {
        "id":"ButtonBall",
        "h":"15.1",
        "x":"171",
        "r":"0",
        "sY":"1",
        "sX":"1",
        "p":"1",
        "w":"40",
        "y":"393",
    },
    {
        "id":"DoorD",
        "h":"174.1",
        "x":"502",
        "r":"0",
        "sY":"5.8049774169921875",
        "sX":"1",
        "p":"1",
        "w":"30",
        "y":"384",
    },
    {
        "id":"ButtonBall",
        "h":"15.1",
        "x":"219",
        "r":"0",
        "sY":"1",
        "sX":"1",
        "p":"2",
        "w":"40",
        "y":"262",
    },
    {
        "id":"StaticBlock",
        "h":"47.5",
        "x":"669",
        "r":"90",
        "sY":"0.6666717529296875",
        "sX":"1.05523681640625",
        "p":"0",
        "w":"30",
        "y":"190",
    },
    {
        "id":"StaticBlock",
        "h":"30",
        "x":"253",
        "r":"180",
        "sY":"0.6666717529296875",
        "sX":"11.824722290039063",
        "p":"0",
        "w":"532.1",
        "y":"117",
    },
    {
        "id":"StaticBlock",
        "h":"30",
        "x":"412",
        "r":"180",
        "sY":"0.6666717529296875",
        "sX":"12.09344482421875",
        "p":"0",
        "w":"544.2",
        "y":"200",
    },
    {
        "id":"StaticBlock",
        "h":"30",
        "x":"361",
        "r":"180",
        "sY":"0.6666717529296875",
        "sX":"16.736541748046875",
        "p":"0",
        "w":"753.1",
        "y":"415",
    },
    {
        "id":"StaticBlock",
        "h":"30",
        "x":"253",
        "r":"180",
        "sY":"0.6666717529296875",
        "sX":"11.824722290039063",
        "p":"0",
        "w":"532.1",
        "y":"284",
    },
    {
        "id":"DoorD2",
        "h":"83",
        "x":"370",
        "r":"0",
        "sY":"2.767578125",
        "sX":"1",
        "p":"2",
        "w":"30",
        "y":"172",
    },
] }