{"objects": [
    {
        "id":"StaticBlock",
        "sX":"0.9996795654296875",
        "h":"44.5",
        "x":"462",
        "r":"180",
        "y":"215",
        "p":"0",
        "w":"45",
        "sY":"0.9895782470703125",
    },
    {
        "id":"Light1",
        "sX":"1",
        "h":"139.5",
        "x":"97",
        "r":"0",
        "y":"332",
        "p":"0",
        "w":"194.95",
        "sY":"1",
    },
    {
        "id":"Start",
        "sX":"1",
        "h":"100",
        "x":"97",
        "r":"0",
        "y":"351",
        "p":"0",
        "w":"80",
        "sY":"1",
    },
    {
        "id":"Finish",
        "sX":"1",
        "h":"100",
        "x":"225",
        "r":"0",
        "y":"86",
        "p":"0",
        "w":"80",
        "sY":"1",
    },
    {
        "id":"StaticBlock",
        "sX":"4.718780517578125",
        "h":"30",
        "x":"88",
        "r":"0",
        "y":"416",
        "p":"0",
        "w":"212.3",
        "sY":"0.6666717529296875",
    },
    {
        "id":"StaticBlock",
        "sX":"2.5514373779296875",
        "h":"30",
        "x":"341",
        "r":"0",
        "y":"390",
        "p":"0",
        "w":"114.8",
        "sY":"0.6666717529296875",
    },
    {
        "id":"StaticBlock",
        "sX":"3.276519775390625",
        "h":"147.4",
        "x":"299",
        "r":"-90",
        "y":"330",
        "p":"0",
        "w":"30",
        "sY":"0.6666717529296875",
    },
    {
        "id":"Collect",
        "sX":"1",
        "h":"30",
        "x":"46",
        "r":"0",
        "y":"98",
        "p":"0",
        "w":"30",
        "sY":"1",
    },
    {
        "id":"StaticBlock",
        "sX":"10.09246826171875",
        "h":"30",
        "x":"214",
        "r":"0",
        "y":"148",
        "p":"0",
        "w":"454.2",
        "sY":"0.6666717529296875",
    },
    {
        "id":"StaticBlock",
        "sX":"3.609893798828125",
        "h":"30",
        "x":"521",
        "r":"0",
        "y":"248",
        "p":"0",
        "w":"162.4",
        "sY":"0.6666717529296875",
    },
    {
        "id":"Trampoline",
        "sX":"2.310546875",
        "h":"92.4",
        "x":"712",
        "r":"-90",
        "y":"229",
        "p":"0",
        "w":"20",
        "sY":"1",
    },
    {
        "id":"Spike",
        "sX":"1.96649169921875",
        "h":"20",
        "x":"680",
        "r":"180",
        "y":"401",
        "p":"0",
        "w":"78.7",
        "sY":"1",
    },
    {
        "id":"StaticBlock",
        "sX":"4.935272216796875",
        "h":"30",
        "x":"624",
        "r":"0",
        "y":"416",
        "p":"0",
        "w":"222.1",
        "sY":"0.6666717529296875",
    },
    {
        "id":"StaticBlock",
        "sX":"1.4509124755859375",
        "h":"65.3",
        "x":"625",
        "r":"-90",
        "y":"398",
        "p":"0",
        "w":"30",
        "sY":"0.6666717529296875",
    },
    {
        "id":"Spike",
        "sX":"16.498672485351563",
        "h":"20",
        "x":"361",
        "r":"0",
        "y":"543",
        "p":"0",
        "w":"659.9",
        "sY":"1",
    },
    {
        "id":"Spike",
        "sX":"2.4810028076171875",
        "h":"99.2",
        "x":"414",
        "r":"90",
        "y":"212",
        "p":"0",
        "w":"20",
        "sY":"1",
    },
    {
        "id":"StaticBlock",
        "sX":"2.488739013671875",
        "h":"112",
        "x":"425",
        "r":"-90",
        "y":"207",
        "p":"0",
        "w":"30",
        "sY":"0.6666717529296875",
    },
] }