{"objects": [
    {
        "id":"Light1",
        "h":"139.5",
        "x":"134",
        "r":"0",
        "sY":"1",
        "sX":"1",
        "p":"0",
        "w":"194.95",
        "y":"332",
    },
    {
        "id":"NoTeleport",
        "h":"67.7",
        "x":"569",
        "r":"90",
        "sY":"4.057830810546875",
        "sX":"1.5035400390625",
        "p":"0",
        "w":"182.6",
        "y":"356",
    },
    {
        "id":"Start",
        "h":"100",
        "x":"326",
        "r":"0",
        "sY":"1",
        "sX":"1",
        "p":"0",
        "w":"80",
        "y":"247",
    },
    {
        "id":"StaticBlock",
        "h":"69",
        "x":"333",
        "r":"180",
        "sY":"1.533203125",
        "sX":"3.9324798583984375",
        "p":"0",
        "w":"177",
        "y":"127",
    },
    {
        "id":"Finish",
        "h":"100",
        "x":"59",
        "r":"0",
        "sY":"1",
        "sX":"1",
        "p":"0",
        "w":"80",
        "y":"355",
    },
    {
        "id":"Collect",
        "h":"30",
        "x":"188",
        "r":"0",
        "sY":"1",
        "sX":"1",
        "p":"0",
        "w":"30",
        "y":"79",
    },
    {
        "id":"StaticBlock",
        "h":"30",
        "x":"405",
        "r":"180",
        "sY":"0.6666717529296875",
        "sX":"5.8729248046875",
        "p":"0",
        "w":"264.3",
        "y":"170",
    },
    {
        "id":"Spike",
        "h":"20",
        "x":"335",
        "r":"0",
        "sY":"1",
        "sX":"9.533432006835938",
        "p":"0",
        "w":"381.3",
        "y":"569",
    },
    {
        "id":"Press",
        "h":"254.9",
        "x":"479",
        "r":"0",
        "sY":"2.5494232177734375",
        "sX":"1",
        "p":"3",
        "w":"110",
        "y":"28",
    },
    {
        "id":"StaticBlock",
        "h":"30",
        "x":"544",
        "r":"180",
        "sY":"0.6666717529296875",
        "sX":"8.350830078125",
        "p":"0",
        "w":"375.8",
        "y":"405",
    },
    {
        "id":"Key",
        "h":"34.6",
        "x":"686",
        "r":"0",
        "sY":"1",
        "sX":"1",
        "p":"0",
        "w":"19.65",
        "y":"369",
    },
    {
        "id":"ButtonBall",
        "h":"15.1",
        "x":"550",
        "r":"0",
        "sY":"1",
        "sX":"1",
        "p":"1",
        "w":"40",
        "y":"382",
    },
    {
        "id":"StaticBlock",
        "h":"30",
        "x":"330",
        "r":"180",
        "sY":"0.6666717529296875",
        "sX":"2.481597900390625",
        "p":"0",
        "w":"111.7",
        "y":"312",
    },
    {
        "id":"SpikeBarriel",
        "h":"36",
        "x":"617",
        "r":"0",
        "sY":"1.80059814453125",
        "sX":"1.659088134765625",
        "p":"0",
        "w":"66.4",
        "y":"282",
    },
    {
        "id":"StaticBlock",
        "h":"30",
        "x":"571",
        "r":"180",
        "sY":"0.6666717529296875",
        "sX":"4.19085693359375",
        "p":"0",
        "w":"188.6",
        "y":"312",
    },
    {
        "id":"StaticBlock",
        "h":"56.6",
        "x":"568",
        "r":"90",
        "sY":"0.6666717529296875",
        "sX":"1.2579193115234375",
        "p":"0",
        "w":"30",
        "y":"295",
    },
    {
        "id":"StaticBlock",
        "h":"257.1",
        "x":"665",
        "r":"90",
        "sY":"0.6666717529296875",
        "sX":"5.71258544921875",
        "p":"0",
        "w":"30",
        "y":"199",
    },
    {
        "id":"NoTeleport",
        "h":"287.8",
        "x":"693",
        "r":"0",
        "sY":"6.3958740234375",
        "sX":"1.2149658203125",
        "p":"0",
        "w":"54.7",
        "y":"174",
    },
    {
        "id":"DoorL",
        "h":"30",
        "x":"438",
        "r":"0",
        "sY":"1.000885009765625",
        "sX":"3.4290618896484375",
        "p":"1",
        "w":"102.9",
        "y":"312",
    },
    {
        "id":"StaticBlock",
        "h":"86.5",
        "x":"371",
        "r":"90",
        "sY":"0.6666717529296875",
        "sX":"1.9212646484375",
        "p":"0",
        "w":"30",
        "y":"365",
    },
    {
        "id":"StaticBlock",
        "h":"234",
        "x":"259",
        "r":"90",
        "sY":"0.6666717529296875",
        "sX":"5.1998291015625",
        "p":"0",
        "w":"30",
        "y":"210",
    },
    {
        "id":"StaticBlock",
        "h":"30",
        "x":"112",
        "r":"180",
        "sY":"0.6666717529296875",
        "sX":"5.44244384765625",
        "p":"0",
        "w":"244.9",
        "y":"415",
    },
    {
        "id":"StaticBlock",
        "h":"132.1",
        "x":"133",
        "r":"90",
        "sY":"0.6666717529296875",
        "sX":"2.9349822998046875",
        "p":"0",
        "w":"30",
        "y":"209",
    },
    {
        "id":"Laser",
        "h":"287.8",
        "x":"9",
        "r":"0",
        "sY":"9.592864990234375",
        "sX":"1",
        "p":"2",
        "w":"20",
        "y":"232",
    },
    {
        "id":"PointCreate",
        "h":"25",
        "x":"12",
        "r":"180",
        "sY":"0.5",
        "sX":"0.5",
        "p":"2",
        "w":"25",
        "y":"248",
    },
    {
        "id":"StaticBlock",
        "h":"56.6",
        "x":"400",
        "r":"90",
        "sY":"0.6666717529296875",
        "sX":"1.2579193115234375",
        "p":"0",
        "w":"30",
        "y":"391",
    },
    {
        "id":"StaticBlock",
        "h":"30",
        "x":"572",
        "r":"180",
        "sY":"0.6666717529296875",
        "sX":"6.57806396484375",
        "p":"0",
        "w":"296",
        "y":"15",
    },
    {
        "id":"Trampoline",
        "h":"81.5",
        "x":"640",
        "r":"-90",
        "sY":"1.0000000018626451",
        "sX":"2.037506104429804",
        "p":"0",
        "w":"20",
        "y":"152",
    },
    {
        "id":"StaticBlock",
        "h":"24.5",
        "x":"647",
        "r":"138",
        "sY":"0.13333498425147705",
        "sX":"0.664988410977178",
        "p":"0",
        "w":"26.2",
        "y":"108",
    },
    {
        "id":"StaticBlock",
        "h":"24.1",
        "x":"4",
        "r":"90",
        "sY":"0.6666717529296875",
        "sX":"0.534820556640625",
        "p":"0",
        "w":"30",
        "y":"388",
    },
] }