{"objects": [
    {
        "id":"StaticBlock",
        "sX":"16.445404052734375",
        "h":"30",
        "x":"360",
        "r":"0",
        "y":"416",
        "p":"0",
        "w":"740",
        "sY":"0.6666717529296875",
    },
    {
        "id":"StaticBlock",
        "sX":"3.9161376953125",
        "h":"176.2",
        "x":"497",
        "r":"-90",
        "y":"241",
        "p":"0",
        "w":"30",
        "sY":"0.6666717529296875",
    },
    {
        "id":"StaticBlock",
        "sX":"2.0015716552734375",
        "h":"30",
        "x":"557",
        "r":"180",
        "y":"314",
        "p":"0",
        "w":"90.1",
        "sY":"0.6666717529296875",
    },
    {
        "id":"StaticBlock",
        "sX":"2.223968505859375",
        "h":"30",
        "x":"680",
        "r":"180",
        "y":"195",
        "p":"0",
        "w":"100.1",
        "sY":"0.6666717529296875",
    },
    {
        "id":"StaticBlock",
        "sX":"11.65496826171875",
        "h":"30",
        "x":"250",
        "r":"180",
        "y":"138",
        "p":"0",
        "w":"524.5",
        "sY":"0.6666717529296875",
    },
    {
        "id":"StaticBlock",
        "sX":"2.0015716552734375",
        "h":"44.5",
        "x":"468",
        "r":"180",
        "y":"101",
        "p":"0",
        "w":"90.1",
        "sY":"0.9895782470703125",
    },
    {
        "id":"StaticBlock",
        "sX":"3.9161376953125",
        "h":"176.2",
        "x":"311",
        "r":"-90",
        "y":"241",
        "p":"0",
        "w":"30",
        "sY":"0.6666717529296875",
    },
    {
        "id":"StaticBlock",
        "sX":"2.0015716552734375",
        "h":"44.5",
        "x":"35",
        "r":"180",
        "y":"101",
        "p":"0",
        "w":"90.1",
        "sY":"0.9895782470703125",
    },
    {
        "id":"Light1",
        "sX":"1",
        "h":"139.5",
        "x":"411",
        "r":"0",
        "y":"332",
        "p":"0",
        "w":"194.95",
        "sY":"1",
    },
    {
        "id":"Start",
        "sX":"1",
        "h":"100",
        "x":"71",
        "r":"0",
        "y":"351",
        "p":"0",
        "w":"80",
        "sY":"1",
    },
    {
        "id":"Finish",
        "sX":"1",
        "h":"100",
        "x":"121",
        "r":"0",
        "y":"73",
        "p":"0",
        "w":"80",
        "sY":"1",
    },
    {
        "id":"Collect",
        "sX":"1",
        "h":"30",
        "x":"674",
        "r":"0",
        "y":"143",
        "p":"0",
        "w":"30",
        "sY":"1",
    },
] }