{"objects": [
    {
        "id":"Light1",
        "sX":"1",
        "h":"139.5",
        "x":"50",
        "r":"0",
        "y":"272",
        "p":"0",
        "w":"194.95",
        "sY":"1",
    },
    {
        "id":"Light1",
        "sX":"1",
        "h":"139.5",
        "x":"511",
        "r":"0",
        "y":"142",
        "p":"0",
        "w":"194.95",
        "sY":"1",
    },
    {
        "id":"Finish",
        "sX":"1",
        "h":"100",
        "x":"499",
        "r":"0",
        "y":"164",
        "p":"0",
        "w":"80",
        "sY":"1",
    },
    {
        "id":"StaticBlock",
        "sX":"3.4384002685546875",
        "h":"30",
        "x":"651",
        "r":"180",
        "y":"355",
        "p":"0",
        "w":"154.7",
        "sY":"0.6666717529296875",
    },
    {
        "id":"Start",
        "sX":"1",
        "h":"100",
        "x":"55",
        "r":"0",
        "y":"110",
        "p":"0",
        "w":"80",
        "sY":"1",
    },
    {
        "id":"StaticBlock",
        "sX":"3.42047119140625",
        "h":"30",
        "x":"70",
        "r":"180",
        "y":"175",
        "p":"0",
        "w":"153.9",
        "sY":"0.6666717529296875",
    },
    {
        "id":"Spike",
        "sX":"21.836517333984375",
        "h":"10",
        "x":"360",
        "r":"0",
        "y":"588",
        "p":"0",
        "w":"873.5",
        "sY":"0.5001220703125",
    },
    {
        "id":"Bridge",
        "sX":"1",
        "h":"20",
        "x":"360",
        "r":"0",
        "y":"364",
        "p":"0",
        "w":"200",
        "sY":"1",
    },
    {
        "id":"StaticBlock",
        "sX":"3.42047119140625",
        "h":"30",
        "x":"70",
        "r":"180",
        "y":"355",
        "p":"0",
        "w":"153.9",
        "sY":"0.6666717529296875",
    },
    {
        "id":"StaticBlock",
        "sX":"4.2407073974609375",
        "h":"30",
        "x":"509",
        "r":"180",
        "y":"225",
        "p":"0",
        "w":"190.8",
        "sY":"0.6666717529296875",
    },
    {
        "id":"DoorD",
        "sX":"1",
        "h":"174.1",
        "x":"589",
        "r":"0",
        "y":"327",
        "p":"1",
        "w":"30",
        "sY":"5.8046722412109375",
    },
    {
        "id":"ButtonHero",
        "sX":"1",
        "h":"49.85",
        "x":"21",
        "r":"90",
        "y":"287",
        "p":"1",
        "w":"54.1",
        "sY":"1",
    },
    {
        "id":"StaticBlock",
        "sX":"5.3333587646484375",
        "h":"240",
        "x":"429",
        "r":"90",
        "y":"120",
        "p":"0",
        "w":"30",
        "sY":"0.6666717529296875",
    },
    {
        "id":"Collect",
        "sX":"1",
        "h":"30",
        "x":"383",
        "r":"0",
        "y":"26",
        "p":"0",
        "w":"30",
        "sY":"1",
    },
    {
        "id":"StaticBlock",
        "sX":"1.7303924560546875",
        "h":"77.9",
        "x":"319",
        "r":"90",
        "y":"39",
        "p":"0",
        "w":"30",
        "sY":"0.6666717529296875",
    },
] }