{"objects": [
    {
        "id":"Light1",
        "h":"139.5",
        "x":"720",
        "r":"0",
        "sY":"1",
        "sX":"1",
        "p":"0",
        "w":"194.95",
        "y":"146",
    },
    {
        "id":"Light1",
        "h":"139.5",
        "x":"-10",
        "r":"0",
        "sY":"1",
        "sX":"1",
        "p":"0",
        "w":"194.95",
        "y":"291",
    },
    {
        "id":"Finish",
        "h":"100",
        "x":"667",
        "r":"0",
        "sY":"1",
        "sX":"1",
        "p":"0",
        "w":"80",
        "y":"350",
    },
    {
        "id":"Collect",
        "h":"30",
        "x":"461",
        "r":"0",
        "sY":"1",
        "sX":"1",
        "p":"0",
        "w":"30",
        "y":"282",
    },
    {
        "id":"StaticBlock",
        "h":"30",
        "x":"667",
        "r":"180",
        "sY":"0.6666717529296875",
        "sX":"2.8212890625",
        "p":"0",
        "w":"127",
        "y":"415",
    },
    {
        "id":"Start",
        "h":"100",
        "x":"58",
        "r":"0",
        "sY":"1",
        "sX":"1",
        "p":"0",
        "w":"80",
        "y":"55",
    },
    {
        "id":"PlatformaG",
        "h":"30",
        "x":"340",
        "r":"0",
        "sY":"1",
        "sX":"13.631851196289063",
        "p":"0",
        "w":"409",
        "y":"130",
    },
    {
        "id":"Spike",
        "h":"94.1",
        "x":"348",
        "r":"0",
        "sY":"4.70587158203125",
        "sX":"2.00408935546875",
        "p":"0",
        "w":"80.2",
        "y":"47",
    },
    {
        "id":"StaticBlock",
        "h":"30",
        "x":"47",
        "r":"180",
        "sY":"0.6666717529296875",
        "sX":"3.42047119140625",
        "p":"0",
        "w":"153.9",
        "y":"119",
    },
    {
        "id":"StaticBlock",
        "h":"30",
        "x":"671",
        "r":"180",
        "sY":"0.6666717529296875",
        "sX":"3.6636810302734375",
        "p":"0",
        "w":"164.9",
        "y":"230",
    },
    {
        "id":"StaticBlock",
        "h":"112.8",
        "x":"603",
        "r":"90",
        "sY":"0.6666717529296875",
        "sX":"2.5072479248046875",
        "p":"0",
        "w":"30",
        "y":"159",
    },
    {
        "id":"Laser",
        "h":"30",
        "x":"10",
        "r":"0",
        "sY":"0.9999542236328125",
        "sX":"1",
        "p":"1",
        "w":"20",
        "y":"203",
    },
    {
        "id":"ButtonHero",
        "h":"49.85",
        "x":"694",
        "r":"-90",
        "sY":"1",
        "sX":"1",
        "p":"1",
        "w":"54.1",
        "y":"183",
    },
    {
        "id":"Bridge",
        "h":"20",
        "x":"218",
        "r":"0",
        "sY":"1",
        "sX":"1",
        "p":"2",
        "w":"200",
        "y":"368",
    },
    {
        "id":"Bridge",
        "h":"20",
        "x":"463",
        "r":"0",
        "sY":"1",
        "sX":"1",
        "p":"1",
        "w":"200",
        "y":"368",
    },
    {
        "id":"Spike",
        "h":"10",
        "x":"326",
        "r":"0",
        "sY":"0.5001220703125",
        "sX":"21.836517333984375",
        "p":"0",
        "w":"873.5",
        "y":"588",
    },
    {
        "id":"StaticBlock",
        "h":"30",
        "x":"29",
        "r":"180",
        "sY":"0.6666717529296875",
        "sX":"2.550048828125",
        "p":"0",
        "w":"114.8",
        "y":"375",
    },
    {
        "id":"Laser",
        "h":"20",
        "x":"610",
        "r":"90",
        "sY":"0.9999542236328125",
        "sX":"1",
        "p":"2",
        "w":"30",
        "y":"255",
    },
    {
        "id":"ButtonHero",
        "h":"49.85",
        "x":"25",
        "r":"90",
        "sY":"1",
        "sX":"1",
        "p":"2",
        "w":"54.1",
        "y":"329",
    },
    {
        "id":"Laser",
        "h":"30",
        "x":"578",
        "r":"180",
        "sY":"0.9999542236328125",
        "sX":"1",
        "p":"0",
        "w":"20",
        "y":"131",
    },
] }