{"objects": [
    {
        "id":"Light1",
        "h":"139.5",
        "x":"-14",
        "r":"0",
        "sY":"1",
        "sX":"1",
        "p":"0",
        "w":"194.95",
        "y":"182",
    },
    {
        "id":"Light1",
        "h":"139.5",
        "x":"623",
        "r":"0",
        "sY":"1",
        "sX":"1",
        "p":"0",
        "w":"194.95",
        "y":"330",
    },
    {
        "id":"Start",
        "h":"100",
        "x":"653",
        "r":"0",
        "sY":"1",
        "sX":"1",
        "p":"0",
        "w":"80",
        "y":"351",
    },
    {
        "id":"StaticBlock",
        "h":"30",
        "x":"359",
        "r":"0",
        "sY":"0.6666717529296875",
        "sX":"16.713638305664063",
        "p":"0",
        "w":"752.1",
        "y":"416",
    },
    {
        "id":"Finish",
        "h":"100",
        "x":"672",
        "r":"0",
        "sY":"1",
        "sX":"1",
        "p":"0",
        "w":"80",
        "y":"62",
    },
    {
        "id":"Collect",
        "h":"30",
        "x":"213",
        "r":"0",
        "sY":"1",
        "sX":"1",
        "p":"0",
        "w":"30",
        "y":"65",
    },
    {
        "id":"StaticBlock",
        "h":"30",
        "x":"236",
        "r":"0",
        "sY":"0.6666717529296875",
        "sX":"2.514190673828125",
        "p":"0",
        "w":"113.1",
        "y":"353",
    },
    {
        "id":"StaticBlock",
        "h":"30",
        "x":"36",
        "r":"0",
        "sY":"0.6666717529296875",
        "sX":"2.1116180419921875",
        "p":"0",
        "w":"95",
        "y":"267",
    },
    {
        "id":"StaticBlock",
        "h":"30",
        "x":"228",
        "r":"0",
        "sY":"0.6666717529296875",
        "sX":"2.15472412109375",
        "p":"0",
        "w":"97",
        "y":"185",
    },
    {
        "id":"StaticBlock",
        "h":"198.1",
        "x":"278",
        "r":"-90",
        "sY":"0.6666717529296875",
        "sX":"4.40252685546875",
        "p":"0",
        "w":"30",
        "y":"269",
    },
    {
        "id":"Laser",
        "h":"20",
        "x":"146",
        "r":"90",
        "sY":"9.73577880859375",
        "sX":"1",
        "p":"0",
        "w":"292.1",
        "y":"14",
    },
    {
        "id":"StaticBlock",
        "h":"30",
        "x":"265",
        "r":"0",
        "sY":"0.6666717529296875",
        "sX":"3.8206024169921875",
        "p":"0",
        "w":"171.9",
        "y":"112",
    },
    {
        "id":"StaticBlock",
        "h":"30",
        "x":"409",
        "r":"0",
        "sY":"0.6666717529296875",
        "sX":"5.1827850341796875",
        "p":"0",
        "w":"233.2",
        "y":"353",
    },
    {
        "id":"StaticBlock",
        "h":"191",
        "x":"336",
        "r":"-90",
        "sY":"0.6666717529296875",
        "sX":"4.24365234375",
        "p":"0",
        "w":"30",
        "y":"204",
    },
    {
        "id":"StaticBlock",
        "h":"49.2",
        "x":"293",
        "r":"45",
        "sY":"0.6666673858025268",
        "sX":"0.8784563111603948",
        "p":"0",
        "w":"49.2",
        "y":"338",
    },
    {
        "id":"StaticBlock",
        "h":"30",
        "x":"380",
        "r":"0",
        "sY":"0.6666717529296875",
        "sX":"2.073974609375",
        "p":"0",
        "w":"93.3",
        "y":"284",
    },
    {
        "id":"StaticBlock",
        "h":"30",
        "x":"625",
        "r":"0",
        "sY":"0.6666717529296875",
        "sX":"4.911590576171875",
        "p":"0",
        "w":"221",
        "y":"122",
    },
    {
        "id":"StaticBlock",
        "h":"261.1",
        "x":"523",
        "r":"-90",
        "sY":"0.6666717529296875",
        "sX":"5.803131103515625",
        "p":"0",
        "w":"30",
        "y":"238",
    },
    {
        "id":"NoTeleport",
        "h":"43",
        "x":"358",
        "r":"90",
        "sY":"7.94537353515625",
        "sX":"0.9553985595703125",
        "p":"0",
        "w":"357.5",
        "y":"384",
    },
    {
        "id":"NoTeleport",
        "h":"223.4",
        "x":"307",
        "r":"0",
        "sY":"4.96435546875",
        "sX":"0.9553985595703125",
        "p":"0",
        "w":"43",
        "y":"232",
    },
    {
        "id":"NoTeleport",
        "h":"49.3",
        "x":"238",
        "r":"90",
        "sY":"2.454742431640625",
        "sX":"1.09552001953125",
        "p":"0",
        "w":"110.5",
        "y":"145",
    },
    {
        "id":"NoTeleport",
        "h":"43",
        "x":"373",
        "r":"90",
        "sY":"2.254364013671875",
        "sX":"0.9553985595703125",
        "p":"0",
        "w":"101.4",
        "y":"321",
    },
] }