{"objects": [
    {
        "id":"Light1",
        "sX":"1",
        "h":"139.5",
        "x":"377",
        "r":"0",
        "y":"332",
        "p":"0",
        "w":"194.95",
        "sY":"1",
    },
    {
        "id":"Light1",
        "sX":"1",
        "h":"139.5",
        "x":"674",
        "r":"0",
        "y":"332",
        "p":"0",
        "w":"194.95",
        "sY":"1",
    },
    {
        "id":"Light1",
        "sX":"1",
        "h":"139.5",
        "x":"94",
        "r":"0",
        "y":"178",
        "p":"0",
        "w":"194.95",
        "sY":"1",
    },
    {
        "id":"Finish",
        "sX":"1",
        "h":"100",
        "x":"665",
        "r":"0",
        "y":"64",
        "p":"0",
        "w":"80",
        "sY":"1",
    },
    {
        "id":"Start",
        "sX":"1",
        "h":"100",
        "x":"64",
        "r":"0",
        "y":"350",
        "p":"0",
        "w":"80",
        "sY":"1",
    },
    {
        "id":"Collect",
        "sX":"1",
        "h":"30",
        "x":"31",
        "r":"0",
        "y":"149",
        "p":"0",
        "w":"30",
        "sY":"1",
    },
    {
        "id":"StaticBlock",
        "sX":"3.250396728515625",
        "h":"30",
        "x":"658",
        "r":"180",
        "y":"126",
        "p":"0",
        "w":"146.3",
        "sY":"0.6666717529296875",
    },
    {
        "id":"StaticBlock",
        "sX":"16.436935424804688",
        "h":"30",
        "x":"360",
        "r":"180",
        "y":"415",
        "p":"0",
        "w":"739.7",
        "sY":"0.6666717529296875",
    },
    {
        "id":"Security",
        "sX":"14.561904907226563",
        "h":"95",
        "x":"499",
        "r":"0",
        "y":"352",
        "p":"1",
        "w":"436.9",
        "sY":"1",
    },
    {
        "id":"PointCreate",
        "sX":"0.5",
        "h":"25",
        "x":"649",
        "r":"0",
        "y":"352",
        "p":"1",
        "w":"25",
        "sY":"0.5",
    },
    {
        "id":"StaticBlock",
        "sX":"12.76593017578125",
        "h":"30",
        "x":"271",
        "r":"180",
        "y":"263",
        "p":"0",
        "w":"574.5",
        "sY":"0.6666717529296875",
    },
    {
        "id":"StaticBlock",
        "sX":"2.53875732421875",
        "h":"52.9",
        "x":"220",
        "r":"180",
        "y":"374",
        "p":"0",
        "w":"114.2",
        "sY":"1.176422119140625",
    },
    {
        "id":"StaticBlock",
        "sX":"8.279327392578125",
        "h":"115",
        "x":"186",
        "r":"180",
        "y":"58",
        "p":"0",
        "w":"372.6",
        "sY":"2.554656982421875",
    },
    {
        "id":"Security",
        "sX":"9.207489013671875",
        "h":"95",
        "x":"138",
        "r":"0",
        "y":"200",
        "p":"2",
        "w":"276.2",
        "sY":"1",
    },
    {
        "id":"PointCreate",
        "sX":"0.5",
        "h":"25",
        "x":"85",
        "r":"0",
        "y":"200",
        "p":"2",
        "w":"25",
        "sY":"0.5",
    },
] }