{"objects": [
    {
        "id":"Light1",
        "h":"139.5",
        "x":"625",
        "r":"0",
        "sY":"1",
        "sX":"1",
        "p":"0",
        "w":"194.95",
        "y":"111",
    },
    {
        "id":"Finish",
        "h":"100",
        "x":"54",
        "r":"0",
        "sY":"1",
        "sX":"1",
        "p":"0",
        "w":"80",
        "y":"307",
    },
    {
        "id":"Start",
        "h":"100",
        "x":"175",
        "r":"0",
        "sY":"1",
        "sX":"1",
        "p":"0",
        "w":"80",
        "y":"131",
    },
    {
        "id":"Spike",
        "h":"10",
        "x":"360",
        "r":"0",
        "sY":"0.5001220703125",
        "sX":"21.836517333984375",
        "p":"0",
        "w":"873.5",
        "y":"588",
    },
    {
        "id":"ButtonHero",
        "h":"49.85",
        "x":"696",
        "r":"-90",
        "sY":"1",
        "sX":"1",
        "p":"1",
        "w":"54.1",
        "y":"153",
    },
    {
        "id":"DoorL",
        "h":"30",
        "x":"434",
        "r":"0",
        "sY":"1.000885009765625",
        "sX":"3.431396484375",
        "p":"2",
        "w":"102.9",
        "y":"196",
    },
    {
        "id":"StaticBlock",
        "h":"30",
        "x":"600",
        "r":"180",
        "sY":"0.6666717529296875",
        "sX":"5.7864837646484375",
        "p":"0",
        "w":"260.4",
        "y":"196",
    },
    {
        "id":"DoorU",
        "h":"182.3",
        "x":"101",
        "r":"0",
        "sY":"6.0753173828125",
        "sX":"1",
        "p":"1",
        "w":"30",
        "y":"91",
    },
    {
        "id":"ButtonHero",
        "h":"49.85",
        "x":"25",
        "r":"90",
        "sY":"1",
        "sX":"1",
        "p":"2",
        "w":"54.1",
        "y":"144",
    },
    {
        "id":"StaticBlock",
        "h":"30",
        "x":"185",
        "r":"180",
        "sY":"0.6666717529296875",
        "sX":"8.708770751953125",
        "p":"0",
        "w":"391.9",
        "y":"196",
    },
    {
        "id":"PlatformaG",
        "h":"30",
        "x":"433",
        "r":"0",
        "sY":"1",
        "sX":"17.3077392578125",
        "p":"1",
        "w":"519.2",
        "y":"359",
    },
    {
        "id":"StaticBlock",
        "h":"30",
        "x":"64",
        "r":"180",
        "sY":"0.6666717529296875",
        "sX":"3.63824462890625",
        "p":"0",
        "w":"163.7",
        "y":"369",
    },
    {
        "id":"Collect",
        "h":"30",
        "x":"637",
        "r":"0",
        "sY":"1",
        "sX":"1",
        "p":"0",
        "w":"30",
        "y":"246",
    },
    {
        "id":"StaticBlock",
        "h":"69",
        "x":"469",
        "r":"180",
        "sY":"1.5333251953125",
        "sX":"11.27081298828125",
        "p":"0",
        "w":"507.2",
        "y":"35",
    },
    {
        "id":"Press",
        "h":"242",
        "x":"325",
        "r":"0",
        "sY":"2.41998291015625",
        "sX":"1",
        "p":"1",
        "w":"110",
        "y":"59",
    },
    {
        "id":"Press",
        "h":"242",
        "x":"526",
        "r":"0",
        "sY":"2.41998291015625",
        "sX":"1",
        "p":"2",
        "w":"110",
        "y":"59",
    },
] }