{"objects": [
    {
        "id":"Light1",
        "h":"139.5",
        "x":"623",
        "r":"0",
        "sY":"1",
        "sX":"1",
        "p":"0",
        "w":"194.95",
        "y":"332",
    },
    {
        "id":"Start",
        "h":"100",
        "x":"41",
        "r":"0",
        "sY":"1",
        "sX":"1",
        "p":"0",
        "w":"80",
        "y":"107",
    },
    {
        "id":"StaticBlock",
        "h":"30",
        "x":"323",
        "r":"0",
        "sY":"0.6666717529296875",
        "sX":"14.811203002929688",
        "p":"0",
        "w":"666.5",
        "y":"173",
    },
    {
        "id":"Collect",
        "h":"30",
        "x":"403",
        "r":"0",
        "sY":"1",
        "sX":"1",
        "p":"0",
        "w":"30",
        "y":"365",
    },
    {
        "id":"Spike",
        "h":"20",
        "x":"151",
        "r":"0",
        "sY":"1",
        "sX":"2.189056396484375",
        "p":"0",
        "w":"87.6",
        "y":"113",
    },
    {
        "id":"StaticBlock",
        "h":"59",
        "x":"151",
        "r":"180",
        "sY":"1.31109619140625",
        "sX":"2.0015716552734375",
        "p":"0",
        "w":"90.1",
        "y":"137",
    },
    {
        "id":"Spike",
        "h":"20",
        "x":"380",
        "r":"0",
        "sY":"1",
        "sX":"3.1113128662109375",
        "p":"0",
        "w":"124.5",
        "y":"114",
    },
    {
        "id":"StaticBlock",
        "h":"53",
        "x":"380",
        "r":"180",
        "sY":"1.17767333984375",
        "sX":"2.86572265625",
        "p":"0",
        "w":"129",
        "y":"136",
    },
    {
        "id":"Spike",
        "h":"20",
        "x":"611",
        "r":"0",
        "sY":"1",
        "sX":"2.166290283203125",
        "p":"0",
        "w":"86.7",
        "y":"112",
    },
    {
        "id":"StaticBlock",
        "h":"59",
        "x":"611",
        "r":"180",
        "sY":"1.31109619140625",
        "sX":"2.0015716552734375",
        "p":"0",
        "w":"90.1",
        "y":"137",
    },
    {
        "id":"Finish",
        "h":"100",
        "x":"90",
        "r":"0",
        "sY":"1",
        "sX":"1",
        "p":"0",
        "w":"80",
        "y":"354",
    },
    {
        "id":"Press",
        "h":"257.4",
        "x":"254",
        "r":"0",
        "sY":"2.5736083984375",
        "sX":"1",
        "p":"1",
        "w":"110",
        "y":"29",
    },
    {
        "id":"Press",
        "h":"257.4",
        "x":"504",
        "r":"0",
        "sY":"2.5736083984375",
        "sX":"1",
        "p":"4",
        "w":"110",
        "y":"29",
    },
    {
        "id":"Laser",
        "h":"20",
        "x":"404",
        "r":"90",
        "sY":"12.06268310546875",
        "sX":"1",
        "p":"0",
        "w":"361.9",
        "y":"202",
    },
    {
        "id":"StaticBlock",
        "h":"30",
        "x":"532",
        "r":"180",
        "sY":"0.6666717529296875",
        "sX":"2.0002899169921875",
        "p":"0",
        "w":"90",
        "y":"297",
    },
    {
        "id":"Laser",
        "h":"20",
        "x":"401",
        "r":"-90",
        "sY":"11.927658081054688",
        "sX":"1",
        "p":"0",
        "w":"357.8",
        "y":"390",
    },
    {
        "id":"StaticBlock",
        "h":"30",
        "x":"268",
        "r":"180",
        "sY":"0.6666717529296875",
        "sX":"2.000274658203125",
        "p":"0",
        "w":"90",
        "y":"297",
    },
    {
        "id":"StaticBlock",
        "h":"30",
        "x":"360",
        "r":"0",
        "sY":"0.6666717529296875",
        "sX":"16.445404052734375",
        "p":"0",
        "w":"740",
        "y":"416",
    },
    {
        "id":"StaticBlock",
        "h":"30",
        "x":"360",
        "r":"0",
        "sY":"0.6666717529296875",
        "sX":"15.962005615234375",
        "p":"0",
        "w":"718.3",
        "y":"15",
    },
    {
        "id":"StaticBlock",
        "h":"40",
        "x":"111",
        "r":"-90",
        "sY":"0.2222137451171875",
        "sX":"0.889068603515625",
        "p":"0",
        "w":"10",
        "y":"122",
    },
    {
        "id":"StaticBlock",
        "h":"40",
        "x":"191",
        "r":"-90",
        "sY":"0.2222137451171875",
        "sX":"0.889068603515625",
        "p":"0",
        "w":"10",
        "y":"122",
    },
    {
        "id":"StaticBlock",
        "h":"40",
        "x":"321",
        "r":"-90",
        "sY":"0.2222137451171875",
        "sX":"0.889068603515625",
        "p":"0",
        "w":"10",
        "y":"122",
    },
    {
        "id":"StaticBlock",
        "h":"40",
        "x":"440",
        "r":"-90",
        "sY":"0.2222137451171875",
        "sX":"0.889068603515625",
        "p":"0",
        "w":"10",
        "y":"122",
    },
    {
        "id":"StaticBlock",
        "h":"40",
        "x":"571",
        "r":"-90",
        "sY":"0.2222137451171875",
        "sX":"0.889068603515625",
        "p":"0",
        "w":"10",
        "y":"122",
    },
    {
        "id":"StaticBlock",
        "h":"40",
        "x":"651",
        "r":"-90",
        "sY":"0.2222137451171875",
        "sX":"0.889068603515625",
        "p":"0",
        "w":"10",
        "y":"122",
    },
] }