{"objects": [
    {
        "id":"Light1",
        "h":"139.5",
        "x":"310",
        "r":"0",
        "sY":"1",
        "sX":"1",
        "p":"0",
        "w":"194.95",
        "y":"272",
    },
    {
        "id":"Light1",
        "h":"139.5",
        "x":"534",
        "r":"0",
        "sY":"1",
        "sX":"1",
        "p":"0",
        "w":"194.95",
        "y":"272",
    },
    {
        "id":"NoTeleport",
        "h":"43",
        "x":"360",
        "r":"90",
        "sY":"16.01251220703125",
        "sX":"0.9553985595703125",
        "p":"0",
        "w":"720.6",
        "y":"385",
    },
    {
        "id":"Start",
        "h":"100",
        "x":"542",
        "r":"0",
        "sY":"1",
        "sX":"1",
        "p":"0",
        "w":"80",
        "y":"53",
    },
    {
        "id":"DoorL",
        "h":"30",
        "x":"310",
        "r":"0",
        "sY":"1.0008544921875",
        "sX":"3.4005126953125",
        "p":"1",
        "w":"102",
        "y":"118",
    },
    {
        "id":"ButtonBall",
        "h":"15.1",
        "x":"582",
        "r":"0",
        "sY":"1",
        "sX":"1",
        "p":"1",
        "w":"40",
        "y":"394",
    },
    {
        "id":"StaticBlock",
        "h":"263.2",
        "x":"676",
        "r":"90",
        "sY":"0.6666717529296875",
        "sX":"5.84783935546875",
        "p":"0",
        "w":"30",
        "y":"239",
    },
    {
        "id":"StaticBlock",
        "h":"51.8",
        "x":"716",
        "r":"135",
        "sY":"0.6666673858025268",
        "sX":"0.9622482920917393",
        "p":"0",
        "w":"51.8",
        "y":"405",
    },
    {
        "id":"ButtonBall",
        "h":"15.1",
        "x":"312",
        "r":"0",
        "sY":"1",
        "sX":"1",
        "p":"2",
        "w":"40",
        "y":"333",
    },
    {
        "id":"DoorD2",
        "h":"82",
        "x":"251",
        "r":"0",
        "sY":"2.7329559326171875",
        "sX":"1",
        "p":"2",
        "w":"30",
        "y":"413",
    },
    {
        "id":"StaticBlock",
        "h":"30",
        "x":"359",
        "r":"0",
        "sY":"0.6666717529296875",
        "sX":"16.713638305664063",
        "p":"0",
        "w":"752.1",
        "y":"416",
    },
    {
        "id":"StaticBlock",
        "h":"30",
        "x":"395",
        "r":"0",
        "sY":"0.6666717529296875",
        "sX":"12.656631469726563",
        "p":"0",
        "w":"569.5",
        "y":"355",
    },
    {
        "id":"Finish",
        "h":"100",
        "x":"588",
        "r":"0",
        "sY":"1",
        "sX":"1",
        "p":"0",
        "w":"80",
        "y":"295",
    },
    {
        "id":"StaticBlock",
        "h":"30",
        "x":"524",
        "r":"0",
        "sY":"0.6666717529296875",
        "sX":"7.4035491943359375",
        "p":"0",
        "w":"333.2",
        "y":"118",
    },
    {
        "id":"StaticBlock",
        "h":"30",
        "x":"105",
        "r":"0",
        "sY":"0.6666717529296875",
        "sX":"6.874114990234375",
        "p":"0",
        "w":"309.3",
        "y":"118",
    },
    {
        "id":"ButtonBall",
        "h":"15.1",
        "x":"34",
        "r":"180",
        "sY":"1",
        "sX":"1",
        "p":"3",
        "w":"40",
        "y":"393",
    },
    {
        "id":"NoTeleport",
        "h":"261.9",
        "x":"702",
        "r":"0",
        "sY":"5.820343017578125",
        "sX":"0.9553985595703125",
        "p":"0",
        "w":"43",
        "y":"231",
    },
    {
        "id":"Collect",
        "h":"30",
        "x":"48",
        "r":"0",
        "sY":"1",
        "sX":"1",
        "p":"0",
        "w":"30",
        "y":"57",
    },
    {
        "id":"KeyAcid",
        "h":"34.6",
        "x":"62",
        "r":"0",
        "sY":"1",
        "sX":"1",
        "p":"3",
        "w":"19.65",
        "y":"160",
    },
    {
        "id":"BarrelPoison",
        "h":"96",
        "x":"63",
        "r":"0",
        "sY":"1",
        "sX":"1",
        "p":"3",
        "w":"86",
        "y":"303",
    },
] }