{"objects": [
    {
        "id":"Light1",
        "h":"139.5",
        "x":"263",
        "r":"0",
        "sY":"1",
        "sX":"1",
        "p":"0",
        "w":"194.95",
        "y":"259",
    },
    {
        "id":"StaticBlock",
        "h":"30",
        "x":"79",
        "r":"0",
        "sY":"0.6666717529296875",
        "sX":"4.024169921875",
        "p":"0",
        "w":"181.1",
        "y":"415",
    },
    {
        "id":"Start",
        "h":"100",
        "x":"62",
        "r":"0",
        "sY":"1",
        "sX":"1",
        "p":"0",
        "w":"80",
        "y":"86",
    },
    {
        "id":"Finish",
        "h":"100",
        "x":"58",
        "r":"0",
        "sY":"1",
        "sX":"1",
        "p":"0",
        "w":"80",
        "y":"353",
    },
    {
        "id":"StaticBlock",
        "h":"30",
        "x":"153",
        "r":"0",
        "sY":"0.6666717529296875",
        "sX":"7.370361328125",
        "p":"0",
        "w":"331.7",
        "y":"152",
    },
    {
        "id":"StaticBlock",
        "h":"138.5",
        "x":"446",
        "r":"-90",
        "sY":"0.6666717529296875",
        "sX":"3.078338623046875",
        "p":"0",
        "w":"30",
        "y":"59",
    },
    {
        "id":"StaticBlock",
        "h":"30",
        "x":"438",
        "r":"0",
        "sY":"0.6666717529296875",
        "sX":"6.584808349609375",
        "p":"0",
        "w":"296.3",
        "y":"218",
    },
    {
        "id":"SpikeBarriel",
        "h":"34",
        "x":"208",
        "r":"0",
        "sY":"1.70098876953125",
        "sX":"1.506622314453125",
        "p":"0",
        "w":"60.3",
        "y":"120",
    },
    {
        "id":"Spike",
        "h":"138.6",
        "x":"432",
        "r":"-90",
        "sY":"1",
        "sX":"3.4659423828125",
        "p":"0",
        "w":"20",
        "y":"59",
    },
    {
        "id":"StaticBlock",
        "h":"87.6",
        "x":"304",
        "r":"-90",
        "sY":"0.6666717529296875",
        "sX":"1.946563720703125",
        "p":"0",
        "w":"30",
        "y":"189",
    },
    {
        "id":"StaticBlock",
        "h":"30",
        "x":"375",
        "r":"0",
        "sY":"0.6666717529296875",
        "sX":"9.262496948242188",
        "p":"0",
        "w":"416.8",
        "y":"344",
    },
    {
        "id":"DoorU2",
        "h":"95.6",
        "x":"568",
        "r":"0",
        "sY":"3.1862640380859375",
        "sX":"1.0692138671875",
        "p":"2",
        "w":"32.1",
        "y":"377",
    },
    {
        "id":"StaticBlock",
        "h":"96.6",
        "x":"375",
        "r":"-90",
        "sY":"9.258590698242188",
        "sX":"2.147064208984375",
        "p":"0",
        "w":"416.6",
        "y":"382",
    },
    {
        "id":"StaticBlock",
        "h":"30",
        "x":"680",
        "r":"0",
        "sY":"0.6666717529296875",
        "sX":"2.31787109375",
        "p":"0",
        "w":"104.3",
        "y":"415",
    },
    {
        "id":"Spike",
        "h":"20",
        "x":"243",
        "r":"0",
        "sY":"1",
        "sX":"3.8287353515625",
        "p":"0",
        "w":"153.1",
        "y":"10",
    },
    {
        "id":"Spike",
        "h":"20",
        "x":"420",
        "r":"0",
        "sY":"1",
        "sX":"16.498672485351563",
        "p":"0",
        "w":"659.9",
        "y":"567",
    },
    {
        "id":"Collect",
        "h":"30",
        "x":"212",
        "r":"0",
        "sY":"1",
        "sX":"1",
        "p":"0",
        "w":"30",
        "y":"194",
    },
    {
        "id":"ButtonBallAll",
        "h":"15.1",
        "x":"668",
        "r":"0",
        "sY":"1",
        "sX":"1.0749969482421875",
        "p":"2",
        "w":"43",
        "y":"392",
    },
    {
        "id":"SpikeBarriel",
        "h":"34",
        "x":"273",
        "r":"0",
        "sY":"1.70098876953125",
        "sX":"1.631072998046875",
        "p":"0",
        "w":"65.2",
        "y":"120",
    },
    {
        "id":"StaticBlock",
        "h":"400",
        "x":"712",
        "r":"90",
        "sY":"0.5402374276197692",
        "sX":"8.88946533203125",
        "p":"0",
        "w":"24.3",
        "y":"200",
    },
    {
        "id":"StaticBlock",
        "h":"30",
        "x":"171",
        "r":"-90",
        "sY":"0.2222137451171875",
        "sX":"0.66680908203125",
        "p":"0",
        "w":"10",
        "y":"5",
    },
    {
        "id":"StaticBlock",
        "h":"30",
        "x":"315",
        "r":"-90",
        "sY":"0.2222137451171875",
        "sX":"0.66680908203125",
        "p":"0",
        "w":"10",
        "y":"5",
    },
    {
        "id":"StaticBlock",
        "h":"40",
        "x":"170",
        "r":"-90",
        "sY":"0.2222137451171875",
        "sX":"0.889068603515625",
        "p":"0",
        "w":"10",
        "y":"121",
    },
    {
        "id":"StaticBlock",
        "h":"40",
        "x":"314",
        "r":"-90",
        "sY":"0.2222137451171875",
        "sX":"0.889068603515625",
        "p":"0",
        "w":"10",
        "y":"121",
    },
] }