{"objects": [
    {
        "id":"Light1",
        "h":"139.5",
        "x":"611",
        "r":"0",
        "sY":"1",
        "sX":"1",
        "p":"0",
        "w":"194.95",
        "y":"38",
    },
    {
        "id":"Light1",
        "h":"139.5",
        "x":"505",
        "r":"0",
        "sY":"1",
        "sX":"1",
        "p":"0",
        "w":"194.95",
        "y":"182",
    },
    {
        "id":"Light1",
        "h":"139.5",
        "x":"647",
        "r":"0",
        "sY":"1",
        "sX":"1",
        "p":"0",
        "w":"194.95",
        "y":"320",
    },
    {
        "id":"Start",
        "h":"100",
        "x":"50",
        "r":"0",
        "sY":"1",
        "sX":"1",
        "p":"0",
        "w":"80",
        "y":"110",
    },
    {
        "id":"StaticBlock",
        "h":"30",
        "x":"584",
        "r":"180",
        "sY":"0.6666717529296875",
        "sX":"6.6392059326171875",
        "p":"0",
        "w":"298.8",
        "y":"405",
    },
    {
        "id":"StaticBlock",
        "h":"30",
        "x":"565",
        "r":"180",
        "sY":"0.6666717529296875",
        "sX":"7.3983001708984375",
        "p":"0",
        "w":"332.9",
        "y":"266",
    },
    {
        "id":"PlatformaV",
        "h":"364.9",
        "x":"227",
        "r":"0",
        "sY":"12.163330078125",
        "sX":"0.999908447265625",
        "p":"0",
        "w":"30",
        "y":"268",
    },
    {
        "id":"StaticBlock",
        "h":"30",
        "x":"43",
        "r":"180",
        "sY":"0.6666717529296875",
        "sX":"2.4935302734375",
        "p":"0",
        "w":"112.2",
        "y":"176",
    },
    {
        "id":"BoxStar",
        "h":"40",
        "x":"268",
        "r":"0",
        "sY":"1",
        "sX":"1",
        "p":"0",
        "w":"70",
        "y":"258",
    },
    {
        "id":"Security",
        "h":"95",
        "x":"602",
        "r":"0",
        "sY":"1",
        "sX":"7.73260498046875",
        "p":"1",
        "w":"232",
        "y":"60",
    },
    {
        "id":"Security",
        "h":"95",
        "x":"573",
        "r":"0",
        "sY":"1",
        "sX":"9.685882568359375",
        "p":"2",
        "w":"290.6",
        "y":"203",
    },
    {
        "id":"Security",
        "h":"95",
        "x":"584",
        "r":"0",
        "sY":"1",
        "sX":"8.9727783203125",
        "p":"3",
        "w":"269.2",
        "y":"342",
    },
    {
        "id":"PointCreate",
        "h":"25",
        "x":"681",
        "r":"0",
        "sY":"0.5",
        "sX":"0.5",
        "p":"1",
        "w":"25",
        "y":"67",
    },
    {
        "id":"PointCreate",
        "h":"25",
        "x":"447",
        "r":"0",
        "sY":"0.5",
        "sX":"0.5",
        "p":"2",
        "w":"25",
        "y":"211",
    },
    {
        "id":"PointCreate",
        "h":"25",
        "x":"584",
        "r":"0",
        "sY":"0.5",
        "sX":"0.5",
        "p":"3",
        "w":"25",
        "y":"349",
    },
    {
        "id":"Key",
        "h":"39.8",
        "x":"683",
        "r":"30",
        "sY":"0.9999944736329873",
        "sX":"0.9999944736329873",
        "p":"0",
        "w":"34.35",
        "y":"79",
    },
    {
        "id":"Spike",
        "h":"20",
        "x":"235",
        "r":"0",
        "sY":"1",
        "sX":"17.59356689453125",
        "p":"0",
        "w":"703.7",
        "y":"569",
    },
    {
        "id":"StaticBlock",
        "h":"30",
        "x":"43",
        "r":"180",
        "sY":"0.6666717529296875",
        "sX":"2.4935302734375",
        "p":"0",
        "w":"112.2",
        "y":"405",
    },
    {
        "id":"Finish",
        "h":"100",
        "x":"52",
        "r":"0",
        "sY":"1",
        "sX":"1",
        "p":"0",
        "w":"80",
        "y":"344",
    },
    {
        "id":"DoorU",
        "h":"174.1",
        "x":"414",
        "r":"0",
        "sY":"5.802703857421875",
        "sX":"1.00018310546875",
        "p":"1",
        "w":"30",
        "y":"20",
    },
    {
        "id":"ButtonHero",
        "h":"49.85",
        "x":"694",
        "r":"-90",
        "sY":"1",
        "sX":"1",
        "p":"1",
        "w":"54.1",
        "y":"355",
    },
    {
        "id":"Collect",
        "h":"30",
        "x":"699",
        "r":"0",
        "sY":"1",
        "sX":"1",
        "p":"0",
        "w":"30",
        "y":"187",
    },
    {
        "id":"StaticBlock",
        "h":"30",
        "x":"566",
        "r":"180",
        "sY":"0.6666717529296875",
        "sX":"7.3984832763671875",
        "p":"0",
        "w":"332.9",
        "y":"123",
    },
] }