{"objects": [
    {
        "id":"Light1",
        "sX":"1",
        "h":"139.5",
        "x":"134",
        "r":"0",
        "y":"56",
        "p":"0",
        "w":"194.95",
        "sY":"1",
    },
    {
        "id":"Light1",
        "sX":"1",
        "h":"139.5",
        "x":"623",
        "r":"0",
        "y":"236",
        "p":"0",
        "w":"194.95",
        "sY":"1",
    },
    {
        "id":"StaticBlock",
        "sX":"4.7752685546875",
        "h":"30",
        "x":"108",
        "r":"0",
        "y":"417",
        "p":"0",
        "w":"214.9",
        "sY":"0.6666717529296875",
    },
    {
        "id":"Start",
        "sX":"1",
        "h":"100",
        "x":"139",
        "r":"0",
        "y":"352",
        "p":"0",
        "w":"80",
        "sY":"1",
    },
    {
        "id":"Finish",
        "sX":"1",
        "h":"100",
        "x":"665",
        "r":"0",
        "y":"77",
        "p":"0",
        "w":"80",
        "sY":"1",
    },
    {
        "id":"Bridge",
        "sX":"1",
        "h":"20",
        "x":"353",
        "r":"0",
        "y":"320",
        "p":"1",
        "w":"200",
        "sY":"1",
    },
    {
        "id":"StaticBlock",
        "sX":"5.71826171875",
        "h":"124.5",
        "x":"591",
        "r":"0",
        "y":"368",
        "p":"0",
        "w":"257.3",
        "sY":"2.7669677734375",
    },
    {
        "id":"Key",
        "sX":"1",
        "h":"34.6",
        "x":"684",
        "r":"0",
        "y":"272",
        "p":"0",
        "w":"19.65",
        "sY":"1",
    },
    {
        "id":"StaticBlock",
        "sX":"8.2711181640625",
        "h":"30",
        "x":"545",
        "r":"0",
        "y":"139",
        "p":"0",
        "w":"372.2",
        "sY":"0.6666717529296875",
    },
    {
        "id":"StaticBlock",
        "sX":"5.128875732421875",
        "h":"30",
        "x":"115",
        "r":"0",
        "y":"139",
        "p":"0",
        "w":"230.8",
        "sY":"0.6666717529296875",
    },
    {
        "id":"ButtonBall",
        "sX":"1",
        "h":"15.1",
        "x":"105",
        "r":"0",
        "y":"118",
        "p":"1",
        "w":"40",
        "sY":"1",
    },
    {
        "id":"DoorU",
        "sX":"1",
        "h":"174.1",
        "x":"374",
        "r":"0",
        "y":"37",
        "p":"1",
        "w":"30",
        "sY":"5.8043670654296875",
    },
    {
        "id":"Spike",
        "sX":"11.05645751953125",
        "h":"20",
        "x":"365",
        "r":"0",
        "y":"569",
        "p":"0",
        "w":"442.3",
        "sY":"1",
    },
    {
        "id":"Collect",
        "sX":"1",
        "h":"30",
        "x":"344",
        "r":"0",
        "y":"286",
        "p":"0",
        "w":"30",
        "sY":"1",
    },
    {
        "id":"StaticBlock",
        "sX":"1.392730712890625",
        "h":"123.9",
        "x":"35",
        "r":"0",
        "y":"62",
        "p":"0",
        "w":"62.7",
        "sY":"2.75408935546875",
    },
] }