{"objects": [
    {
        "id":"Light1",
        "h":"139.5",
        "x":"353",
        "r":"0",
        "sY":"1",
        "sX":"1",
        "p":"0",
        "w":"194.95",
        "y":"195",
    },
    {
        "id":"Light1",
        "h":"139.5",
        "x":"690",
        "r":"0",
        "sY":"1",
        "sX":"1",
        "p":"0",
        "w":"194.95",
        "y":"195",
    },
    {
        "id":"Light1",
        "h":"139.5",
        "x":"82",
        "r":"0",
        "sY":"1",
        "sX":"1",
        "p":"0",
        "w":"194.95",
        "y":"330",
    },
    {
        "id":"Light1",
        "h":"139.5",
        "x":"523",
        "r":"0",
        "sY":"1",
        "sX":"1",
        "p":"0",
        "w":"194.95",
        "y":"195",
    },
    {
        "id":"Light1",
        "h":"139.5",
        "x":"652",
        "r":"0",
        "sY":"1",
        "sX":"1",
        "p":"0",
        "w":"194.95",
        "y":"330",
    },
    {
        "id":"Light1",
        "h":"139.5",
        "x":"256",
        "r":"0",
        "sY":"1",
        "sX":"1",
        "p":"0",
        "w":"194.95",
        "y":"330",
    },
    {
        "id":"Finish",
        "h":"100",
        "x":"192",
        "r":"0",
        "sY":"1",
        "sX":"1",
        "p":"0",
        "w":"80",
        "y":"66",
    },
    {
        "id":"Start",
        "h":"100",
        "x":"77",
        "r":"0",
        "sY":"1",
        "sX":"1",
        "p":"0",
        "w":"80",
        "y":"61",
    },
    {
        "id":"StaticBlock",
        "h":"30",
        "x":"431",
        "r":"180",
        "sY":"0.6666717529296875",
        "sX":"13.583953857421875",
        "p":"0",
        "w":"611.3",
        "y":"280",
    },
    {
        "id":"Collect",
        "h":"30",
        "x":"686",
        "r":"0",
        "sY":"1",
        "sX":"1",
        "p":"0",
        "w":"30",
        "y":"216",
    },
    {
        "id":"StaticBlock",
        "h":"30",
        "x":"697",
        "r":"180",
        "sY":"0.6666717529296875",
        "sX":"1.517669677734375",
        "p":"0",
        "w":"68.3",
        "y":"126",
    },
    {
        "id":"StaticBlock",
        "h":"30",
        "x":"359",
        "r":"180",
        "sY":"0.6666717529296875",
        "sX":"16.78570556640625",
        "p":"0",
        "w":"755.4",
        "y":"415",
    },
    {
        "id":"Key",
        "h":"34.6",
        "x":"686",
        "r":"0",
        "sY":"1",
        "sX":"1",
        "p":"0",
        "w":"19.65",
        "y":"369",
    },
    {
        "id":"Security",
        "h":"95",
        "x":"466",
        "r":"180",
        "sY":"1",
        "sX":"16.60113525390625",
        "p":"0",
        "w":"498",
        "y":"217",
    },
    {
        "id":"PointCreate",
        "h":"25",
        "x":"345",
        "r":"0",
        "sY":"0.5",
        "sX":"0.5",
        "p":"1",
        "w":"25",
        "y":"224",
    },
    {
        "id":"Security",
        "h":"95",
        "x":"360",
        "r":"0",
        "sY":"1",
        "sX":"23.921066284179688",
        "p":"4",
        "w":"717.6",
        "y":"352",
    },
    {
        "id":"PointCreate",
        "h":"25",
        "x":"665",
        "r":"0",
        "sY":"0.5",
        "sX":"0.5",
        "p":"4",
        "w":"25",
        "y":"360",
    },
    {
        "id":"StaticBlock",
        "h":"30",
        "x":"266",
        "r":"180",
        "sY":"0.6666717529296875",
        "sX":"12.2406005859375",
        "p":"0",
        "w":"550.8",
        "y":"126",
    },
    {
        "id":"Security",
        "h":"95",
        "x":"360",
        "r":"0",
        "sY":"1",
        "sX":"23.921066284179688",
        "p":"3",
        "w":"717.6",
        "y":"353",
    },
    {
        "id":"PointCreate",
        "h":"25",
        "x":"179",
        "r":"0",
        "sY":"0.5",
        "sX":"0.5",
        "p":"3",
        "w":"25",
        "y":"360",
    },
] }