{"objects": [
    {
        "id":"Start",
        "sX":"1",
        "h":"100",
        "x":"51",
        "r":"0",
        "y":"353",
        "p":"0",
        "w":"80",
        "sY":"1",
    },
    {
        "id":"Finish",
        "sX":"1",
        "h":"100",
        "x":"667",
        "r":"0",
        "y":"154",
        "p":"0",
        "w":"80",
        "sY":"1",
    },
    {
        "id":"StaticBlock",
        "sX":"13.682586669921875",
        "h":"30",
        "x":"424",
        "r":"0",
        "y":"215",
        "p":"0",
        "w":"615.7",
        "sY":"0.6666717529296875",
    },
    {
        "id":"StaticBlock",
        "sX":"1.49285888671875",
        "h":"45",
        "x":"135",
        "r":"0",
        "y":"381",
        "p":"0",
        "w":"67.2",
        "sY":"1",
    },
    {
        "id":"ButtonHero",
        "sX":"1",
        "h":"49.85",
        "x":"695",
        "r":"-90",
        "y":"330",
        "p":"1",
        "w":"54.1",
        "sY":"1",
    },
    {
        "id":"DoorL2",
        "sX":"5.829498291015625",
        "h":"30",
        "x":"28",
        "r":"0",
        "y":"215",
        "p":"1",
        "w":"174.9",
        "sY":"1.000885009765625",
    },
    {
        "id":"StaticBlock",
        "sX":"2.382232666015625",
        "h":"45",
        "x":"471",
        "r":"0",
        "y":"177",
        "p":"0",
        "w":"107.2",
        "sY":"1",
    },
    {
        "id":"StaticBlock",
        "sX":"2.0408782958984375",
        "h":"45",
        "x":"685",
        "r":"0",
        "y":"381",
        "p":"0",
        "w":"91.8",
        "sY":"1",
    },
    {
        "id":"Collect",
        "sX":"1",
        "h":"30",
        "x":"418",
        "r":"0",
        "y":"318",
        "p":"0",
        "w":"30",
        "sY":"1",
    },
    {
        "id":"StaticBlock",
        "sX":"16.445404052734375",
        "h":"30",
        "x":"360",
        "r":"0",
        "y":"416",
        "p":"0",
        "w":"740",
        "sY":"0.6666717529296875",
    },
    {
        "id":"StaticBlock",
        "sX":"1.18170166015625",
        "h":"45",
        "x":"419",
        "r":"0",
        "y":"381",
        "p":"0",
        "w":"53.2",
        "sY":"1",
    },
    {
        "id":"Spike",
        "sX":"11.72564697265625",
        "h":"20",
        "x":"404",
        "r":"0",
        "y":"391",
        "p":"0",
        "w":"469",
        "sY":"1",
    },
] }