{"objects": [
    {
        "id":"Light1",
        "sX":"1",
        "h":"139.5",
        "x":"360",
        "r":"0",
        "y":"330",
        "p":"0",
        "w":"195",
        "sY":"1",
    },
    {
        "id":"PlatformaG",
        "sX":"17.3077392578125",
        "h":"30",
        "x":"360",
        "r":"0",
        "y":"124",
        "p":"0",
        "w":"519.2",
        "sY":"1",
    },
    {
        "id":"Spike",
        "sX":"4.65142822265625",
        "h":"20",
        "x":"179",
        "r":"0",
        "y":"172",
        "p":"0",
        "w":"186.1",
        "sY":"1",
    },
    {
        "id":"Start",
        "sX":"1",
        "h":"100",
        "x":"51",
        "r":"0",
        "y":"352",
        "p":"0",
        "w":"80",
        "sY":"1",
    },
    {
        "id":"Finish",
        "sX":"1",
        "h":"100",
        "x":"666",
        "r":"0",
        "y":"354",
        "p":"0",
        "w":"80",
        "sY":"1",
    },
    {
        "id":"KeyDouble",
        "sX":"1",
        "h":"30",
        "x":"666",
        "r":"-90",
        "y":"252",
        "p":"1",
        "w":"70",
        "sY":"1",
    },
    {
        "id":"ButtonHero",
        "sX":"1",
        "h":"49.85",
        "x":"25",
        "r":"90",
        "y":"138",
        "p":"1",
        "w":"54.1",
        "sY":"1",
    },
    {
        "id":"ButtonHero",
        "sX":"1",
        "h":"49.85",
        "x":"695",
        "r":"-90",
        "y":"144",
        "p":"1",
        "w":"54.1",
        "sY":"1",
    },
    {
        "id":"StaticBlock",
        "sX":"6.2933349609375",
        "h":"30",
        "x":"131",
        "r":"0",
        "y":"196",
        "p":"0",
        "w":"283.2",
        "sY":"0.666656494140625",
    },
    {
        "id":"StaticBlock",
        "sX":"1.9579315185546875",
        "h":"49",
        "x":"507",
        "r":"0",
        "y":"378",
        "p":"0",
        "w":"88.1",
        "sY":"1.089111328125",
    },
    {
        "id":"Collect",
        "sX":"1",
        "h":"30",
        "x":"181",
        "r":"0",
        "y":"37",
        "p":"0",
        "w":"30",
        "sY":"1",
    },
    {
        "id":"Spike",
        "sX":"4.65142822265625",
        "h":"20",
        "x":"541",
        "r":"180",
        "y":"172",
        "p":"0",
        "w":"186.1",
        "sY":"1",
    },
    {
        "id":"StaticBlock",
        "sX":"6.333648681640625",
        "h":"30",
        "x":"590",
        "r":"180",
        "y":"196",
        "p":"0",
        "w":"285",
        "sY":"0.666656494140625",
    },
    {
        "id":"StaticBlock",
        "sX":"16.445404052734375",
        "h":"30",
        "x":"360",
        "r":"0",
        "y":"416",
        "p":"0",
        "w":"740",
        "sY":"0.6666717529296875",
    },
] }