{
"texture":"Loading.png",
"endSizeVariance":5
,"startRedVariance":0
,"speed":0
,"startRotationVariance":45
,"endRedVariance":0
,"endAlphaVariance":0
,"endRotation":263.58
,"startBlue":255
,"startRotation":0
,"endRotationVariance":292.07
,"startGreenVariance":0
,"startRed":255
,"endRed":255
,"emitterVariance":{"x":34,"y":33}
,"blendFactorSource":"one"
,"speedVariance":0
,"radialAcceleration":0
,"blendFactorDestination":"oneMinusSourceAlpha"
,"endBlueVariance":0
,"radialAccelerationVariance":0
,"duration":-1
,"tangentialAcceleration":0
,"tangentialAccelerationVariance":0
,"startAlpha":0.8901960784313725
,"emitterType":0
,"engGreenVariance":0
,"endBlue":255
,"maxRadiusVariance":30
,"lifespan":500
,"minRadius":20
,"lifespanVariance":700
,"startGreen":255
,"minRadiusVariance":10
,"startSize":50
,"startBlueVariance":0
,"gravity":{"x":10,"y":-760}
,"startSizeVariance":10
,"startAlphaVariance":0
,"rotatePerSecondVariance":10
,"endGreen":255
,"maxRadius":100
,"endAlpha":1
,"rotatePerSecond":30
,"emitter":{"x":520,"y":340}
,"emitAngle":0
,"maxParticles":10
,"endSize":30
,"emitAngleVariance":360
}