{
	"groups":[
		{
			"keys":"Genera1_1,Genera1_2,Genera1_3,JumperR1,JumperR2,JumperR3,JumperR4,JumperR5,JumperR6,JumperR7,JumperL5,JumperL6,JumperL7,JumperL1,JumperL2,JumperL3,JumperL4,JumperHeadR,JumperBoby,JumperHeadL,JumperR10,JumperR11,JumperR12,JumperR13,JumperR8,JumperR9,JumperL10,JumperL11,JumperL12,JumperL13,JumperL8,JumperL9,bg1,JumpDropEff1,JumpDropEff10,JumpDropEff11,JumpDropEff12,JumpDropEff2,JumpDropEff3,JumpDropEff4,JumpDropEff5,JumpDropEff6,JumpDropEff7,JumpDropEff8,JumpDropEff9,absorption1,absorption10,absorption11,absorption12,absorption2,absorption3,absorption4,absorption5,absorption6,absorption7,absorption8,absorption9,FallenBottom1,FallenBottom2,FallenBottom3,FallenBottom4,FallenBottom5,FallenBottom6,FallenBottom7,FallenL1,FallenL2,FallenL3,FallenL4,FallenL5,FallenL6,FallenL7,FallenOn1,FallenOn2,FallenOn3,FallenOn4,FallenOn5,FallenOn6,FallenOn7,FallenR1,FallenR2,FallenR3,FallenR4,FallenR5,FallenR6,FallenR7,Page1Bg,Page1Text,Page2Bg,Page2Item1,Page2Item2,Page2Item3,Page2Item4,FilliInfoItem1,FilliInfoItem2,FilliInfoItem3,Button1,Button2,Button3,Button4,Button5,Button6,Button7,Button8,Button9,RulesItem2,RulesItem1,LuckyItem1,LuckyItem2,LuckyItem3,RulesWinItem2,RulesWinItem3,RulesWinItem1,RulesBadItem,EndPageItem3,EndPageItem4,EndPageItem5,EndPageItem1,EndPageItem2,NumberFnt,CenterEff,shadow1,shadow2,shadow3,RankItem1,RankItem2,RankItem3,RankItem4,RankItem5,RankItem6,WinIndex1,WinIndex2,WinIndex3,Genera2_1,Genera2_2,Genera2_3,Genera3_1,Genera3_2,Genera3_3,Genera4_1,Genera4_2,Genera4_3,Genera5_1,Genera5_2,Genera6_1,Genera6_2,Genera6_3,Genera7_1,Genera7_2,Genera7_3,Genera8_1,Genera8_2,Genera8_3,Genera5_3,2Genera1_1,2Genera1_2,2Genera2_1,2Genera2_2,Genera10_1,Genera10_2,Genera10_3,Genera9_1,Genera9_2,Genera9_3,Special1_1,Special1_2,Special1_3,2Special2_1,2Special2_2,2Special2_3,2Special1_1,2Special1_2,2Special1_3,3Special1_1,3Special1_2,3Special1_3,3Special2_1,3Special2_2,3Special2_3,3Special3_1,3Special3_2,3Special3_3,3Special4_1,3Special4_2,3Special4_3,shierzhong,xiaoxue,youeryuan,chaoshi,ditie,jump,loading_run,Peoplesharde,bgmp3,Genera11_1,Genera11_2,Genera11_3,MyLuckyItem,MyLuckyTitle,MyLuckyIco,MyLuckyRed",
			"name":"preload"
		},
		{
			"keys":"Loading_j,Loading_p",
			"name":"loading"
		}
	],
	"resources":[
		{
			"name":"Loading_j",
			"type":"json",
			"url":"assets/Loding/Loading.json"
		},
		{
			"name":"Loading_p",
			"type":"image",
			"url":"assets/Loding/Loading.png"
		},
		{
			"name":"Genera1_1",
			"type":"image",
			"url":"assets/Game/Jump/GeneralHouse/1/Genera1_1.png"
		},
		{
			"name":"Genera1_2",
			"type":"image",
			"url":"assets/Game/Jump/GeneralHouse/1/Genera1_2.png"
		},
		{
			"name":"Genera1_3",
			"type":"image",
			"url":"assets/Game/Jump/GeneralHouse/1/Genera1_3.png"
		},
		{
			"name":"JumperR1",
			"type":"image",
			"url":"assets/Game/Jump/People/rigth/JumperR1.png"
		},
		{
			"name":"JumperR2",
			"type":"image",
			"url":"assets/Game/Jump/People/rigth/JumperR2.png"
		},
		{
			"name":"JumperR3",
			"type":"image",
			"url":"assets/Game/Jump/People/rigth/JumperR3.png"
		},
		{
			"name":"JumperR4",
			"type":"image",
			"url":"assets/Game/Jump/People/rigth/JumperR4.png"
		},
		{
			"name":"JumperR5",
			"type":"image",
			"url":"assets/Game/Jump/People/rigth/JumperR5.png"
		},
		{
			"name":"JumperR6",
			"type":"image",
			"url":"assets/Game/Jump/People/rigth/JumperR6.png"
		},
		{
			"name":"JumperR7",
			"type":"image",
			"url":"assets/Game/Jump/People/rigth/JumperR7.png"
		},
		{
			"name":"JumperL5",
			"type":"image",
			"url":"assets/Game/Jump/People/left/JumperL5.png"
		},
		{
			"name":"JumperL6",
			"type":"image",
			"url":"assets/Game/Jump/People/left/JumperL6.png"
		},
		{
			"name":"JumperL7",
			"type":"image",
			"url":"assets/Game/Jump/People/left/JumperL7.png"
		},
		{
			"name":"JumperL1",
			"type":"image",
			"url":"assets/Game/Jump/People/left/JumperL1.png"
		},
		{
			"name":"JumperL2",
			"type":"image",
			"url":"assets/Game/Jump/People/left/JumperL2.png"
		},
		{
			"name":"JumperL3",
			"type":"image",
			"url":"assets/Game/Jump/People/left/JumperL3.png"
		},
		{
			"name":"JumperL4",
			"type":"image",
			"url":"assets/Game/Jump/People/left/JumperL4.png"
		},
		{
			"name":"JumperHeadR",
			"type":"image",
			"url":"assets/Game/Jump/People/People/JumperHeadR.png"
		},
		{
			"name":"JumperBoby",
			"type":"image",
			"url":"assets/Game/Jump/People/People/JumperBoby.png"
		},
		{
			"name":"JumperHeadL",
			"type":"image",
			"url":"assets/Game/Jump/People/People/JumperHeadL.png"
		},
		{
			"name":"JumperR10",
			"type":"image",
			"url":"assets/Game/Jump/People/rigth/JumperR10.png"
		},
		{
			"name":"JumperR11",
			"type":"image",
			"url":"assets/Game/Jump/People/rigth/JumperR11.png"
		},
		{
			"name":"JumperR12",
			"type":"image",
			"url":"assets/Game/Jump/People/rigth/JumperR12.png"
		},
		{
			"name":"JumperR13",
			"type":"image",
			"url":"assets/Game/Jump/People/rigth/JumperR13.png"
		},
		{
			"name":"JumperR8",
			"type":"image",
			"url":"assets/Game/Jump/People/rigth/JumperR8.png"
		},
		{
			"name":"JumperR9",
			"type":"image",
			"url":"assets/Game/Jump/People/rigth/JumperR9.png"
		},
		{
			"name":"JumperL10",
			"type":"image",
			"url":"assets/Game/Jump/People/left/JumperL10.png"
		},
		{
			"name":"JumperL11",
			"type":"image",
			"url":"assets/Game/Jump/People/left/JumperL11.png"
		},
		{
			"name":"JumperL12",
			"type":"image",
			"url":"assets/Game/Jump/People/left/JumperL12.png"
		},
		{
			"name":"JumperL13",
			"type":"image",
			"url":"assets/Game/Jump/People/left/JumperL13.png"
		},
		{
			"name":"JumperL8",
			"type":"image",
			"url":"assets/Game/Jump/People/left/JumperL8.png"
		},
		{
			"name":"JumperL9",
			"type":"image",
			"url":"assets/Game/Jump/People/left/JumperL9.png"
		},
		{
			"name":"bg1",
			"type":"image",
			"url":"assets/Game/GameBg/bg1.png"
		},
		{
			"name":"JumpDropEff1",
			"type":"image",
			"url":"assets/Game/Jump/People/People/Eff/Drop/JumpDropEff1.png"
		},
		{
			"name":"JumpDropEff10",
			"type":"image",
			"url":"assets/Game/Jump/People/People/Eff/Drop/JumpDropEff10.png"
		},
		{
			"name":"JumpDropEff11",
			"type":"image",
			"url":"assets/Game/Jump/People/People/Eff/Drop/JumpDropEff11.png"
		},
		{
			"name":"JumpDropEff12",
			"type":"image",
			"url":"assets/Game/Jump/People/People/Eff/Drop/JumpDropEff12.png"
		},
		{
			"name":"JumpDropEff2",
			"type":"image",
			"url":"assets/Game/Jump/People/People/Eff/Drop/JumpDropEff2.png"
		},
		{
			"name":"JumpDropEff3",
			"type":"image",
			"url":"assets/Game/Jump/People/People/Eff/Drop/JumpDropEff3.png"
		},
		{
			"name":"JumpDropEff4",
			"type":"image",
			"url":"assets/Game/Jump/People/People/Eff/Drop/JumpDropEff4.png"
		},
		{
			"name":"JumpDropEff5",
			"type":"image",
			"url":"assets/Game/Jump/People/People/Eff/Drop/JumpDropEff5.png"
		},
		{
			"name":"JumpDropEff6",
			"type":"image",
			"url":"assets/Game/Jump/People/People/Eff/Drop/JumpDropEff6.png"
		},
		{
			"name":"JumpDropEff7",
			"type":"image",
			"url":"assets/Game/Jump/People/People/Eff/Drop/JumpDropEff7.png"
		},
		{
			"name":"JumpDropEff8",
			"type":"image",
			"url":"assets/Game/Jump/People/People/Eff/Drop/JumpDropEff8.png"
		},
		{
			"name":"JumpDropEff9",
			"type":"image",
			"url":"assets/Game/Jump/People/People/Eff/Drop/JumpDropEff9.png"
		},
		{
			"name":"absorption1",
			"type":"image",
			"url":"assets/Game/Jump/People/People/Eff/absorption/absorption1.png"
		},
		{
			"name":"absorption10",
			"type":"image",
			"url":"assets/Game/Jump/People/People/Eff/absorption/absorption10.png"
		},
		{
			"name":"absorption11",
			"type":"image",
			"url":"assets/Game/Jump/People/People/Eff/absorption/absorption11.png"
		},
		{
			"name":"absorption12",
			"type":"image",
			"url":"assets/Game/Jump/People/People/Eff/absorption/absorption12.png"
		},
		{
			"name":"absorption2",
			"type":"image",
			"url":"assets/Game/Jump/People/People/Eff/absorption/absorption2.png"
		},
		{
			"name":"absorption3",
			"type":"image",
			"url":"assets/Game/Jump/People/People/Eff/absorption/absorption3.png"
		},
		{
			"name":"absorption4",
			"type":"image",
			"url":"assets/Game/Jump/People/People/Eff/absorption/absorption4.png"
		},
		{
			"name":"absorption5",
			"type":"image",
			"url":"assets/Game/Jump/People/People/Eff/absorption/absorption5.png"
		},
		{
			"name":"absorption6",
			"type":"image",
			"url":"assets/Game/Jump/People/People/Eff/absorption/absorption6.png"
		},
		{
			"name":"absorption7",
			"type":"image",
			"url":"assets/Game/Jump/People/People/Eff/absorption/absorption7.png"
		},
		{
			"name":"absorption8",
			"type":"image",
			"url":"assets/Game/Jump/People/People/Eff/absorption/absorption8.png"
		},
		{
			"name":"absorption9",
			"type":"image",
			"url":"assets/Game/Jump/People/People/Eff/absorption/absorption9.png"
		},
		{
			"name":"FallenBottom1",
			"type":"image",
			"url":"assets/Game/Jump/People/People/Fallen/FallenBottom/FallenBottom1.png"
		},
		{
			"name":"FallenBottom2",
			"type":"image",
			"url":"assets/Game/Jump/People/People/Fallen/FallenBottom/FallenBottom2.png"
		},
		{
			"name":"FallenBottom3",
			"type":"image",
			"url":"assets/Game/Jump/People/People/Fallen/FallenBottom/FallenBottom3.png"
		},
		{
			"name":"FallenBottom4",
			"type":"image",
			"url":"assets/Game/Jump/People/People/Fallen/FallenBottom/FallenBottom4.png"
		},
		{
			"name":"FallenBottom5",
			"type":"image",
			"url":"assets/Game/Jump/People/People/Fallen/FallenBottom/FallenBottom5.png"
		},
		{
			"name":"FallenBottom6",
			"type":"image",
			"url":"assets/Game/Jump/People/People/Fallen/FallenBottom/FallenBottom6.png"
		},
		{
			"name":"FallenBottom7",
			"type":"image",
			"url":"assets/Game/Jump/People/People/Fallen/FallenBottom/FallenBottom7.png"
		},
		{
			"name":"FallenL1",
			"type":"image",
			"url":"assets/Game/Jump/People/People/Fallen/FallenL/FallenL1.png"
		},
		{
			"name":"FallenL2",
			"type":"image",
			"url":"assets/Game/Jump/People/People/Fallen/FallenL/FallenL2.png"
		},
		{
			"name":"FallenL3",
			"type":"image",
			"url":"assets/Game/Jump/People/People/Fallen/FallenL/FallenL3.png"
		},
		{
			"name":"FallenL4",
			"type":"image",
			"url":"assets/Game/Jump/People/People/Fallen/FallenL/FallenL4.png"
		},
		{
			"name":"FallenL5",
			"type":"image",
			"url":"assets/Game/Jump/People/People/Fallen/FallenL/FallenL5.png"
		},
		{
			"name":"FallenL6",
			"type":"image",
			"url":"assets/Game/Jump/People/People/Fallen/FallenL/FallenL6.png"
		},
		{
			"name":"FallenL7",
			"type":"image",
			"url":"assets/Game/Jump/People/People/Fallen/FallenL/FallenL7.png"
		},
		{
			"name":"FallenOn1",
			"type":"image",
			"url":"assets/Game/Jump/People/People/Fallen/FallenOn/FallenOn1.png"
		},
		{
			"name":"FallenOn2",
			"type":"image",
			"url":"assets/Game/Jump/People/People/Fallen/FallenOn/FallenOn2.png"
		},
		{
			"name":"FallenOn3",
			"type":"image",
			"url":"assets/Game/Jump/People/People/Fallen/FallenOn/FallenOn3.png"
		},
		{
			"name":"FallenOn4",
			"type":"image",
			"url":"assets/Game/Jump/People/People/Fallen/FallenOn/FallenOn4.png"
		},
		{
			"name":"FallenOn5",
			"type":"image",
			"url":"assets/Game/Jump/People/People/Fallen/FallenOn/FallenOn5.png"
		},
		{
			"name":"FallenOn6",
			"type":"image",
			"url":"assets/Game/Jump/People/People/Fallen/FallenOn/FallenOn6.png"
		},
		{
			"name":"FallenOn7",
			"type":"image",
			"url":"assets/Game/Jump/People/People/Fallen/FallenOn/FallenOn7.png"
		},
		{
			"name":"FallenR1",
			"type":"image",
			"url":"assets/Game/Jump/People/People/Fallen/FallenR/FallenR1.png"
		},
		{
			"name":"FallenR2",
			"type":"image",
			"url":"assets/Game/Jump/People/People/Fallen/FallenR/FallenR2.png"
		},
		{
			"name":"FallenR3",
			"type":"image",
			"url":"assets/Game/Jump/People/People/Fallen/FallenR/FallenR3.png"
		},
		{
			"name":"FallenR4",
			"type":"image",
			"url":"assets/Game/Jump/People/People/Fallen/FallenR/FallenR4.png"
		},
		{
			"name":"FallenR5",
			"type":"image",
			"url":"assets/Game/Jump/People/People/Fallen/FallenR/FallenR5.png"
		},
		{
			"name":"FallenR6",
			"type":"image",
			"url":"assets/Game/Jump/People/People/Fallen/FallenR/FallenR6.png"
		},
		{
			"name":"FallenR7",
			"type":"image",
			"url":"assets/Game/Jump/People/People/Fallen/FallenR/FallenR7.png"
		},
		{
			"name":"Page1Bg",
			"type":"image",
			"url":"assets/Page/Page1/Page1Bg.png"
		},
		{
			"name":"Page1Text",
			"type":"image",
			"url":"assets/Page/Page1/Page1Text.png"
		},
		{
			"name":"Page2Bg",
			"type":"image",
			"url":"assets/Page/Page2/Page2Bg.png"
		},
		{
			"name":"Page2Item1",
			"type":"image",
			"url":"assets/Page/Page2/Page2Item1.png"
		},
		{
			"name":"Page2Item2",
			"type":"image",
			"url":"assets/Page/Page2/Page2Item2.png"
		},
		{
			"name":"Page2Item3",
			"type":"image",
			"url":"assets/Page/Page2/Page2Item3.png"
		},
		{
			"name":"Page2Item4",
			"type":"image",
			"url":"assets/Page/Page2/Page2Item4.png"
		},
		{
			"name":"FilliInfoItem1",
			"type":"image",
			"url":"assets/Page/FilliInfo/FilliInfoItem1.png"
		},
		{
			"name":"FilliInfoItem2",
			"type":"image",
			"url":"assets/Page/FilliInfo/FilliInfoItem2.png"
		},
		{
			"name":"FilliInfoItem3",
			"type":"image",
			"url":"assets/Page/FilliInfo/FilliInfoItem3.png"
		},
		{
			"name":"Button1",
			"type":"image",
			"url":"assets/Ui/Button/Button1.png"
		},
		{
			"name":"Button2",
			"type":"image",
			"url":"assets/Ui/Button/Button2.png"
		},
		{
			"name":"Button3",
			"type":"image",
			"url":"assets/Ui/Button/Button3.png"
		},
		{
			"name":"Button4",
			"type":"image",
			"url":"assets/Ui/Button/Button4.png"
		},
		{
			"name":"Button5",
			"type":"image",
			"url":"assets/Ui/Button/Button5.png"
		},
		{
			"name":"Button6",
			"type":"image",
			"url":"assets/Ui/Button/Button6.png"
		},
		{
			"name":"Button7",
			"type":"image",
			"url":"assets/Ui/Button/Button7.png"
		},
		{
			"name":"Button8",
			"type":"image",
			"url":"assets/Ui/Button/Button8.png"
		},
		{
			"name":"Button9",
			"type":"image",
			"url":"assets/Ui/Button/Button9.png"
		},
		{
			"name":"RulesItem2",
			"type":"image",
			"url":"assets/Page/Rules/RulesItem2.png"
		},
		{
			"name":"RulesItem1",
			"type":"image",
			"url":"assets/Page/Rules/RulesItem1.png"
		},
		{
			"name":"LuckyItem1",
			"type":"image",
			"url":"assets/Page/Lucky/LuckyItem1.png"
		},
		{
			"name":"LuckyItem2",
			"type":"image",
			"url":"assets/Page/Lucky/LuckyItem2.png"
		},
		{
			"name":"LuckyItem3",
			"type":"image",
			"url":"assets/Page/Lucky/LuckyItem3.png"
		},
		{
			"name":"RulesWinItem2",
			"type":"image",
			"url":"assets/Page/RulesWin/RulesWinItem2.png"
		},
		{
			"name":"RulesWinItem3",
			"type":"image",
			"url":"assets/Page/RulesWin/RulesWinItem3.png"
		},
		{
			"name":"RulesWinItem1",
			"type":"image",
			"url":"assets/Page/RulesWin/RulesWinItem1.png"
		},
		{
			"name":"RulesBadItem",
			"type":"image",
			"url":"assets/Page/RulesBad/RulesBadItem.png"
		},
		{
			"name":"EndPageItem3",
			"type":"image",
			"url":"assets/Page/EndPage/EndPageItem3.png"
		},
		{
			"name":"EndPageItem4",
			"type":"image",
			"url":"assets/Page/EndPage/EndPageItem4.png"
		},
		{
			"name":"EndPageItem5",
			"type":"image",
			"url":"assets/Page/EndPage/EndPageItem5.png"
		},
		{
			"name":"EndPageItem1",
			"type":"image",
			"url":"assets/Page/EndPage/EndPageItem1.png"
		},
		{
			"name":"EndPageItem2",
			"type":"image",
			"url":"assets/Page/EndPage/EndPageItem2.png"
		},
		{
			"name":"NumberFnt",
			"type":"font",
			"url":"assets/Page/Number/Number.fnt"
		},
		{
			"name":"CenterEff",
			"type":"image",
			"url":"assets/Game/CenterEff.png"
		},
		{
			"name":"shadow1",
			"type":"image",
			"url":"assets/Game/Jump/shadow1.png"
		},
		{
			"name":"shadow2",
			"type":"image",
			"url":"assets/Game/Jump/shadow2.png"
		},
		{
			"name":"shadow3",
			"type":"image",
			"url":"assets/Game/Jump/shadow3.png"
		},
		{
			"name":"RankItem1",
			"type":"image",
			"url":"assets/Page/Rank/RankItem1.png"
		},
		{
			"name":"RankItem2",
			"type":"image",
			"url":"assets/Page/Rank/RankItem2.png"
		},
		{
			"name":"RankItem3",
			"type":"image",
			"url":"assets/Page/Rank/RankItem3.png"
		},
		{
			"name":"RankItem4",
			"type":"image",
			"url":"assets/Page/Rank/RankItem4.png"
		},
		{
			"name":"RankItem5",
			"type":"image",
			"url":"assets/Page/Rank/RankItem5.png"
		},
		{
			"name":"RankItem6",
			"type":"image",
			"url":"assets/Page/Rank/RankItem6.png"
		},
		{
			"name":"WinIndex1",
			"type":"image",
			"url":"assets/Page/Rank/WinIndex1.png"
		},
		{
			"name":"WinIndex2",
			"type":"image",
			"url":"assets/Page/Rank/WinIndex2.png"
		},
		{
			"name":"WinIndex3",
			"type":"image",
			"url":"assets/Page/Rank/WinIndex3.png"
		},
		{
			"name":"Genera2_1",
			"type":"image",
			"url":"assets/Game/Jump/GeneralHouse/2/Genera2_1.png"
		},
		{
			"name":"Genera2_2",
			"type":"image",
			"url":"assets/Game/Jump/GeneralHouse/2/Genera2_2.png"
		},
		{
			"name":"Genera2_3",
			"type":"image",
			"url":"assets/Game/Jump/GeneralHouse/2/Genera2_3.png"
		},
		{
			"name":"Genera3_1",
			"type":"image",
			"url":"assets/Game/Jump/GeneralHouse/3/Genera3_1.png"
		},
		{
			"name":"Genera3_2",
			"type":"image",
			"url":"assets/Game/Jump/GeneralHouse/3/Genera3_2.png"
		},
		{
			"name":"Genera3_3",
			"type":"image",
			"url":"assets/Game/Jump/GeneralHouse/3/Genera3_3.png"
		},
		{
			"name":"Genera4_1",
			"type":"image",
			"url":"assets/Game/Jump/GeneralHouse/4/Genera4_1.png"
		},
		{
			"name":"Genera4_2",
			"type":"image",
			"url":"assets/Game/Jump/GeneralHouse/4/Genera4_2.png"
		},
		{
			"name":"Genera4_3",
			"type":"image",
			"url":"assets/Game/Jump/GeneralHouse/4/Genera4_3.png"
		},
		{
			"name":"Genera5_1",
			"type":"image",
			"url":"assets/Game/Jump/GeneralHouse/5/Genera5_1.png"
		},
		{
			"name":"Genera5_2",
			"type":"image",
			"url":"assets/Game/Jump/GeneralHouse/5/Genera5_2.png"
		},
		{
			"name":"Genera6_1",
			"type":"image",
			"url":"assets/Game/Jump/GeneralHouse/6/Genera6_1.png"
		},
		{
			"name":"Genera6_2",
			"type":"image",
			"url":"assets/Game/Jump/GeneralHouse/6/Genera6_2.png"
		},
		{
			"name":"Genera6_3",
			"type":"image",
			"url":"assets/Game/Jump/GeneralHouse/6/Genera6_3.png"
		},
		{
			"name":"Genera7_1",
			"type":"image",
			"url":"assets/Game/Jump/GeneralHouse/7/Genera7_1.png"
		},
		{
			"name":"Genera7_2",
			"type":"image",
			"url":"assets/Game/Jump/GeneralHouse/7/Genera7_2.png"
		},
		{
			"name":"Genera7_3",
			"type":"image",
			"url":"assets/Game/Jump/GeneralHouse/7/Genera7_3.png"
		},
		{
			"name":"Genera8_1",
			"type":"image",
			"url":"assets/Game/Jump/GeneralHouse/8/Genera8_1.png"
		},
		{
			"name":"Genera8_2",
			"type":"image",
			"url":"assets/Game/Jump/GeneralHouse/8/Genera8_2.png"
		},
		{
			"name":"Genera8_3",
			"type":"image",
			"url":"assets/Game/Jump/GeneralHouse/8/Genera8_3.png"
		},
		{
			"name":"Genera5_3",
			"type":"image",
			"url":"assets/Game/Jump/GeneralHouse/5/Genera5_3.png"
		},
		{
			"name":"2Genera1_1",
			"type":"image",
			"url":"assets/Game/Jump/GeneralHouse2/1/2Genera1_1.png"
		},
		{
			"name":"2Genera1_2",
			"type":"image",
			"url":"assets/Game/Jump/GeneralHouse2/1/2Genera1_2.png"
		},
		{
			"name":"2Genera2_1",
			"type":"image",
			"url":"assets/Game/Jump/GeneralHouse2/2/2Genera2_1.png"
		},
		{
			"name":"2Genera2_2",
			"type":"image",
			"url":"assets/Game/Jump/GeneralHouse2/2/2Genera2_2.png"
		},
		{
			"name":"Genera10_1",
			"type":"image",
			"url":"assets/Game/Jump/GeneralHouse/10/Genera10_1.png"
		},
		{
			"name":"Genera10_2",
			"type":"image",
			"url":"assets/Game/Jump/GeneralHouse/10/Genera10_2.png"
		},
		{
			"name":"Genera10_3",
			"type":"image",
			"url":"assets/Game/Jump/GeneralHouse/10/Genera10_3.png"
		},
		{
			"name":"Genera9_1",
			"type":"image",
			"url":"assets/Game/Jump/GeneralHouse/9/Genera9_1.png"
		},
		{
			"name":"Genera9_2",
			"type":"image",
			"url":"assets/Game/Jump/GeneralHouse/9/Genera9_2.png"
		},
		{
			"name":"Genera9_3",
			"type":"image",
			"url":"assets/Game/Jump/GeneralHouse/9/Genera9_3.png"
		},
		{
			"name":"Special1_1",
			"type":"image",
			"url":"assets/Game/Jump/SpecialHouse/Special1_1.png"
		},
		{
			"name":"Special1_2",
			"type":"image",
			"url":"assets/Game/Jump/SpecialHouse/Special1_2.png"
		},
		{
			"name":"Special1_3",
			"type":"image",
			"url":"assets/Game/Jump/SpecialHouse/Special1_3.png"
		},
		{
			"name":"2Special2_1",
			"type":"image",
			"url":"assets/Game/Jump/SpecialHouse2/2/2Special2_1.png"
		},
		{
			"name":"2Special2_2",
			"type":"image",
			"url":"assets/Game/Jump/SpecialHouse2/2/2Special2_2.png"
		},
		{
			"name":"2Special2_3",
			"type":"image",
			"url":"assets/Game/Jump/SpecialHouse2/2/2Special2_3.png"
		},
		{
			"name":"2Special1_1",
			"type":"image",
			"url":"assets/Game/Jump/SpecialHouse2/1/2Special1_1.png"
		},
		{
			"name":"2Special1_2",
			"type":"image",
			"url":"assets/Game/Jump/SpecialHouse2/1/2Special1_2.png"
		},
		{
			"name":"2Special1_3",
			"type":"image",
			"url":"assets/Game/Jump/SpecialHouse2/1/2Special1_3.png"
		},
		{
			"name":"3Special1_1",
			"type":"image",
			"url":"assets/Game/Jump/SpecialHouse3/1/3Special1_1.png"
		},
		{
			"name":"3Special1_2",
			"type":"image",
			"url":"assets/Game/Jump/SpecialHouse3/1/3Special1_2.png"
		},
		{
			"name":"3Special1_3",
			"type":"image",
			"url":"assets/Game/Jump/SpecialHouse3/1/3Special1_3.png"
		},
		{
			"name":"3Special2_1",
			"type":"image",
			"url":"assets/Game/Jump/SpecialHouse3/2/3Special2_1.png"
		},
		{
			"name":"3Special2_2",
			"type":"image",
			"url":"assets/Game/Jump/SpecialHouse3/2/3Special2_2.png"
		},
		{
			"name":"3Special2_3",
			"type":"image",
			"url":"assets/Game/Jump/SpecialHouse3/2/3Special2_3.png"
		},
		{
			"name":"3Special3_1",
			"type":"image",
			"url":"assets/Game/Jump/SpecialHouse3/3/3Special3_1.png"
		},
		{
			"name":"3Special3_2",
			"type":"image",
			"url":"assets/Game/Jump/SpecialHouse3/3/3Special3_2.png"
		},
		{
			"name":"3Special3_3",
			"type":"image",
			"url":"assets/Game/Jump/SpecialHouse3/3/3Special3_3.png"
		},
		{
			"name":"3Special4_1",
			"type":"image",
			"url":"assets/Game/Jump/SpecialHouse3/4/3Special4_1.png"
		},
		{
			"name":"3Special4_2",
			"type":"image",
			"url":"assets/Game/Jump/SpecialHouse3/4/3Special4_2.png"
		},
		{
			"name":"3Special4_3",
			"type":"image",
			"url":"assets/Game/Jump/SpecialHouse3/4/3Special4_3.png"
		},
		{
			"name":"shierzhong",
			"type":"sound",
			"url":"assets/mp3/shierzhong.mp3"
		},
		{
			"name":"xiaoxue",
			"type":"sound",
			"url":"assets/mp3/xiaoxue.mp3"
		},
		{
			"name":"youeryuan",
			"type":"sound",
			"url":"assets/mp3/youeryuan.mp3"
		},
		{
			"name":"chaoshi",
			"type":"sound",
			"url":"assets/mp3/chaoshi.mp3"
		},
		{
			"name":"ditie",
			"type":"sound",
			"url":"assets/mp3/ditie.mp3"
		},
		{
			"name":"jump",
			"type":"sound",
			"url":"assets/mp3/jump.mp3"
		},
		{
			"name":"loading_run",
			"type":"image",
			"url":"assets/loading_run.png"
		},
		{
			"name":"Peoplesharde",
			"type":"image",
			"url":"assets/Peoplesharde.png"
		},
		{
			"name":"bgmp3",
			"type":"sound",
			"url":"assets/mp3/bgmp3.mp3"
		},
		{
			"name":"Genera11_1",
			"type":"image",
			"url":"assets/Game/Jump/GeneralHouse/11/Genera11_1.png"
		},
		{
			"name":"Genera11_2",
			"type":"image",
			"url":"assets/Game/Jump/GeneralHouse/11/Genera11_2.png"
		},
		{
			"name":"Genera11_3",
			"type":"image",
			"url":"assets/Game/Jump/GeneralHouse/11/Genera11_3.png"
		},
		{
			"name":"MyLuckyItem",
			"type":"image",
			"url":"assets/Page/MyLucky/MyLuckyItem.png"
		},
		{
			"name":"MyLuckyTitle",
			"type":"image",
			"url":"assets/Page/MyLucky/MyLuckyTitle.png"
		},
		{
			"name":"MyLuckyIco",
			"type":"image",
			"url":"assets/Page/MyLucky/MyLuckyIco.png"
		},
		{
			"name":"MyLuckyRed",
			"type":"image",
			"url":"assets/Page/MyLucky/MyLuckyRed.png"
		}
	]
}