{
  "autoGenerateExmlsList": true,
  "exmls": [
    {
      "path": "resource/eui_skins/ButtonSkin.exml",
      "content": "<?xml version=\"1.0\" encoding=\"utf-8\" ?>\n<e:Skin class=\"skins.ButtonSkin\" states=\"up,down,disabled\" minHeight=\"50\" minWidth=\"100\" xmlns:e=\"http://ns.egret.com/eui\">\n    <e:Image width=\"100%\" height=\"100%\" scale9Grid=\"1,3,8,8\" alpha.disabled=\"0.5\"\n             source=\"button_up_png\"\n             source.down=\"button_down_png\"/>\n    <e:Label id=\"labelDisplay\" top=\"8\" bottom=\"8\" left=\"8\" right=\"8\"\n             size=\"20\"\n             textColor=\"0xFFFFFF\" verticalAlign=\"middle\" textAlign=\"center\"/>\n    <e:Image id=\"iconDisplay\" horizontalCenter=\"0\" verticalCenter=\"0\"/>\n</e:Skin>\n"
    },
    {
      "path": "resource/eui_skins/CheckBoxSkin.exml",
      "content": "<?xml version=\"1.0\" encoding=\"utf-8\"?>\n<e:Skin class=\"skins.CheckBoxSkin\" states=\"up,down,disabled,upAndSelected,downAndSelected,disabledAndSelected\" xmlns:e=\"http://ns.egret.com/eui\">\n    <e:Group width=\"100%\" height=\"100%\">\n        <e:layout>\n            <e:HorizontalLayout verticalAlign=\"middle\"/>\n        </e:layout>\n        <e:Image fillMode=\"scale\" alpha=\"1\" alpha.disabled=\"0.5\" alpha.down=\"0.7\"\n                 source=\"checkbox_unselect_png\"\n                 source.upAndSelected=\"checkbox_select_up_png\"\n                 source.downAndSelected=\"checkbox_select_down_png\"\n                 source.disabledAndSelected=\"checkbox_select_disabled_png\"/>\n        <e:Label id=\"labelDisplay\" size=\"20\" textColor=\"0x707070\"\n                 textAlign=\"center\" verticalAlign=\"middle\"\n                 fontFamily=\"Tahoma\"/>\n    </e:Group>\n</e:Skin>\n"
    },
    {
      "path": "resource/eui_skins/HScrollBarSkin.exml",
      "content": "<?xml version=\"1.0\" encoding=\"utf-8\"?>\n<e:Skin class=\"skins.HScrollBarSkin\" minWidth=\"20\" minHeight=\"8\" xmlns:e=\"http://ns.egret.com/eui\">\n    <e:Image id=\"thumb\" source=\"roundthumb_png\" scale9Grid=\"3,3,2,2\" height=\"8\" width=\"30\" verticalCenter=\"0\"/>\n</e:Skin>\n"
    },
    {
      "path": "resource/eui_skins/HSliderSkin.exml",
      "content": "<?xml version=\"1.0\" encoding=\"utf-8\"?>\n<e:Skin class=\"skins.HSliderSkin\" minWidth=\"20\" minHeight=\"8\" xmlns:e=\"http://ns.egret.com/eui\">\n    <e:Image id=\"track\" source=\"track_sb_png\" scale9Grid=\"1,1,4,4\" width=\"100%\"\n             height=\"6\" verticalCenter=\"0\"/>\n    <e:Image id=\"thumb\" source=\"thumb_png\" verticalCenter=\"0\"/>\n</e:Skin>\n"
    },
    {
      "path": "resource/eui_skins/ItemRendererSkin.exml",
      "content": "<?xml version=\"1.0\" encoding=\"utf-8\" ?>\n<e:Skin class=\"skins.ItemRendererSkin\" states=\"up,down,disabled\" minHeight=\"50\" minWidth=\"100\" xmlns:e=\"http://ns.egret.com/eui\">\n    <e:Image width=\"100%\" height=\"100%\" scale9Grid=\"1,3,8,8\" alpha.disabled=\"0.5\"\n             source=\"button_up_png\"\n             source.down=\"button_down_png\"/>\n    <e:Label id=\"labelDisplay\" top=\"8\" bottom=\"8\" left=\"8\" right=\"8\"\n             size=\"20\" fontFamily=\"Tahoma\"\n             textColor=\"0xFFFFFF\" text=\"{data}\" verticalAlign=\"middle\" textAlign=\"center\"/>\n</e:Skin>\n"
    },
    {
      "path": "resource/eui_skins/PanelSkin.exml",
      "content": "<?xml version=\"1.0\" encoding=\"utf-8\"?>\n<e:Skin class=\"skins.PanelSkin\" minHeight=\"230\" minWidth=\"450\" xmlns:e=\"http://ns.egret.com/eui\">\n    <e:Image left=\"0\" right=\"0\" bottom=\"0\"  top=\"0\" source=\"border_png\" scale9Grid=\"2,2,12,12\" />\n    <e:Group id=\"moveArea\" left=\"0\" right=\"0\" top=\"0\" height=\"45\">\n        <e:Image left=\"0\" right=\"0\" bottom=\"0\"  top=\"0\" source=\"header_png\"/>\n        <e:Label id=\"titleDisplay\" size=\"20\" fontFamily=\"Tahoma\" textColor=\"0xFFFFFF\"\n                 wordWrap=\"false\" left=\"15\" right=\"5\" verticalCenter=\"0\"/>\n    </e:Group>\n    <e:Button id=\"closeButton\" label=\"close\" bottom=\"5\" horizontalCenter=\"0\"/>\n</e:Skin>\n"
    },
    {
      "path": "resource/eui_skins/ProgressBarSkin.exml",
      "content": "<?xml version=\"1.0\" encoding=\"utf-8\"?>\n<e:Skin class=\"skins.ProgressBarSkin\" minWidth=\"30\" minHeight=\"18\" xmlns:e=\"http://ns.egret.com/eui\">\n\t<e:Image source=\"track_pb_png\" scale9Grid=\"1,1,4,4\" width=\"100%\"\n\t\t\t height=\"100%\" verticalCenter=\"0\"/>\n\t<e:Image id=\"thumb\" height=\"100%\" width=\"100%\" source=\"thumb_pb_png\"/>\n\t<e:Label id=\"labelDisplay\" textAlign=\"center\" verticalAlign=\"middle\"\n\t\t\t size=\"15\" fontFamily=\"Tahoma\" textColor=\"0x707070\"\n\t\t\t horizontalCenter=\"0\" verticalCenter=\"0\"/>\n</e:Skin>\n"
    },
    {
      "path": "resource/eui_skins/RadioButtonSkin.exml",
      "content": "<?xml version=\"1.0\" encoding=\"utf-8\"?>\n<e:Skin class=\"skins.RadioButtonSkin\" states=\"up,down,disabled,upAndSelected,downAndSelected,disabledAndSelected\" xmlns:e=\"http://ns.egret.com/eui\">\n    <e:Group width=\"100%\" height=\"100%\">\n        <e:layout>\n            <e:HorizontalLayout verticalAlign=\"middle\"/>\n        </e:layout>\n        <e:Image fillMode=\"scale\" alpha=\"1\" alpha.disabled=\"0.5\" alpha.down=\"0.7\"\n                 source=\"radiobutton_unselect_png\"\n                 source.upAndSelected=\"radiobutton_select_up_png\"\n                 source.downAndSelected=\"radiobutton_select_down_png\"\n                 source.disabledAndSelected=\"radiobutton_select_disabled_png\"/>\n        <e:Label id=\"labelDisplay\" size=\"20\" textColor=\"0x707070\"\n                 textAlign=\"center\" verticalAlign=\"middle\"\n                 fontFamily=\"Tahoma\"/>\n    </e:Group>\n</e:Skin>\n"
    },
    {
      "path": "resource/eui_skins/ScrollerSkin.exml",
      "content": "<?xml version=\"1.0\" encoding=\"utf-8\"?>\n<e:Skin class=\"skins.ScrollerSkin\" minWidth=\"20\" minHeight=\"20\" xmlns:e=\"http://ns.egret.com/eui\">\n    <e:HScrollBar id=\"horizontalScrollBar\" width=\"100%\" bottom=\"0\"/>\n    <e:VScrollBar id=\"verticalScrollBar\" height=\"100%\" right=\"0\"/>\n</e:Skin>"
    },
    {
      "path": "resource/eui_skins/TextInputSkin.exml",
      "content": "<?xml version='1.0' encoding='utf-8'?>\n<e:Skin class=\"skins.TextInputSkin\" minHeight=\"40\" minWidth=\"300\" states=\"normal,disabled,normalWithPrompt,disabledWithPrompt\" xmlns:e=\"http://ns.egret.com/eui\">\n\t<e:Image width=\"100%\" height=\"100%\" scale9Grid=\"1,3,8,8\" source=\"button_up_png\"/>\n\t<e:Rect height=\"100%\" width=\"100%\" fillColor=\"0xffffff\"/>\n \t<e:EditableText id=\"textDisplay\" verticalCenter=\"0\" left=\"10\" right=\"10\"\n\t                textColor=\"0x000000\" textColor.disabled=\"0xff0000\" width=\"100%\" height=\"24\" size=\"20\" />\n\t<e:Label id=\"promptDisplay\" verticalCenter=\"0\" left=\"10\" right=\"10\"\n\t                textColor=\"0xa9a9a9\" width=\"100%\" height=\"24\" size=\"20\" touchEnabled=\"false\" includeIn=\"normalWithPrompt,disabledWithPrompt\"/>\n</e:Skin>"
    },
    {
      "path": "resource/eui_skins/ToggleSwitchSkin.exml",
      "content": "<?xml version=\"1.0\" encoding=\"utf-8\"?>\n<e:Skin class=\"skins.ToggleSwitchSkin\" states=\"up,down,disabled,upAndSelected,downAndSelected,disabledAndSelected\" xmlns:e=\"http://ns.egret.com/eui\">\n    <e:Image source=\"on_png\"\n             source.up=\"off_png\"\n             source.down=\"off_png\"\n             source.disabled=\"off_png\"/>\n    <e:Image source=\"handle_png\"\n             horizontalCenter=\"-18\"\n             horizontalCenter.upAndSelected=\"18\"\n             horizontalCenter.downAndSelected=\"18\"\n             horizontalCenter.disabledAndSelected=\"18\"\n             verticalCenter=\"0\"/>\n</e:Skin>\n"
    },
    {
      "path": "resource/eui_skins/VScrollBarSkin.exml",
      "content": "<?xml version=\"1.0\" encoding=\"utf-8\"?>\n<e:Skin class=\"skins.VScrollBarSkin\" minWidth=\"8\" minHeight=\"20\" xmlns:e=\"http://ns.egret.com/eui\">\n    <e:Image id=\"thumb\" source=\"roundthumb_png\" scale9Grid=\"3,3,2,2\" height=\"30\" width=\"8\" horizontalCenter=\"0\"/>\n</e:Skin>\n"
    },
    {
      "path": "resource/eui_skins/VSliderSkin.exml",
      "content": "<?xml version=\"1.0\" encoding=\"utf-8\"?>\n<e:Skin class=\"skins.VSliderSkin\" minWidth=\"25\" minHeight=\"30\" xmlns:e=\"http://ns.egret.com/eui\">\n    <e:Image id=\"track\" source=\"track_png\" scale9Grid=\"1,1,4,4\" width=\"7\" height=\"100%\" horizontalCenter=\"0\"/>\n    <e:Image id=\"thumb\" source=\"thumb_png\" horizontalCenter=\"0\" />\n</e:Skin>\n"
    },
    {
      "path": "src/Common/LoadingRunSkin.exml",
      "content": "<?xml version='1.0' encoding='utf-8'?>\n<e:Skin class=\"LoadingRunSkin\" width=\"1080\" height=\"1920\" xmlns:e=\"http://ns.egret.com/eui\" xmlns:w=\"http://ns.egret.com/wing\">\n\t<e:Rect right=\"0\" y=\"12\" top=\"0\" bottom=\"0\" width=\"20\" left=\"0\" height=\"20\" alpha=\"0.5\" x=\"6\"/>\n\t<e:Image id=\"loading\" x=\"324\" y=\"579\" horizontalCenter=\"0\" verticalCenter=\"0\" width=\"190\" height=\"190\" anchorOffsetX=\"95\" anchorOffsetY=\"95\" source=\"loading_run\"/>\n</e:Skin>"
    },
    {
      "path": "src/Common/TipsSkin.exml",
      "content": "<?xml version='1.0' encoding='utf-8'?>\n<e:Skin class=\"TipsSkin\" width=\"1080\" height=\"1920\" xmlns:e=\"http://ns.egret.com/eui\" xmlns:w=\"http://ns.egret.com/wing\">\n\t<e:Image x=\"130\" y=\"524\" horizontalCenter=\"0\" verticalCenter=\"0\" touchEnabled=\"false\" source=\"toastbg\" scaleX=\"1.2\" scaleY=\"1.2\"/>\n\t<e:Label id=\"tipslabel\" x=\"377\" y=\"815\" width=\"417\" height=\"126\" textAlign=\"center\" verticalAlign=\"middle\" touchEnabled=\"false\" horizontalCenter=\"-0.5\" verticalCenter=\"1\" size=\"55\" text=\"提示\" textColor=\"0xFFFFFF\" bold=\"true\"/>\n</e:Skin>"
    },
    {
      "path": "src/Common/DialogUiSkin.exml",
      "content": "<?xml version='1.0' encoding='utf-8'?>\n<e:Skin class=\"DialogUiSkin\" width=\"1080\" height=\"1920\" xmlns:e=\"http://ns.egret.com/eui\" xmlns:w=\"http://ns.egret.com/wing\">\n\t<e:Rect y=\"0\" id=\"_mask\" width=\"1080\" height=\"1920\" alpha=\"0.5\" x=\"0\"/>\n\t<e:Group id=\"MianGourp\" verticalCenter=\"0\" y=\"10\" x=\"10\" width=\"1080\" height=\"1920\" horizontalCenter=\"0\">\n\t\t<e:Image source=\"CommoBg1\" y=\"322\" scale9Grid=\"129,187,781,1127\" width=\"898\" height=\"1023\" x=\"112\"/>\n\t\t<e:Image source=\"CommoBg2\" y=\"603\" scale9Grid=\"131,171,615,1030\" width=\"789\" height=\"585\" x=\"164\"/>\n\t\t<e:Image source=\"Title\" y=\"272\" x=\"130\"/>\n\t\t<e:Image source=\"Title\" y=\"272\" x=\"969\" scaleX=\"-1\"/>\n\t\t<e:Image id=\"closebt\" source=\"CommoCloseBt\" y=\"345\" x=\"906\"/>\n\t\t<e:Label id=\"MessageLabel\" text=\"Message\" x=\"161\" y=\"666\" width=\"712\" height=\"472\" textAlign=\"center\" verticalAlign=\"middle\" textColor=\"0x000000\" size=\"45\"/>\n\t\t<e:Label text=\"提 示\" x=\"420\" y=\"242\" width=\"230\" size=\"85\" textColor=\"0xFFF8F8\" bold=\"true\" strokeColor=\"0x6A1186\" stroke=\"1\"/>\n\t</e:Group>\n</e:Skin>"
    },
    {
      "path": "src/Common/CommonMainSkin.exml",
      "content": "<?xml version='1.0' encoding='utf-8'?>\n<e:Skin class=\"CommonMainSkin\" width=\"1080\" height=\"1920\" xmlns:e=\"http://ns.egret.com/eui\" xmlns:ns1=\"*\" xmlns:w=\"http://ns.egret.com/wing\">\n\t<ns1:LoadingRun id=\"_loadingrun\" x=\"400\" y=\"394\" skinName=\"LoadingRunSkin\" horizontalCenter=\"0\" verticalCenter=\"0\" visible=\"false\"/>\n\t<ns1:TipsCommon id=\"_tips\" x=\"446\" y=\"460\" skinName=\"TipsSkin\" horizontalCenter=\"0\" verticalCenter=\"0\" alpha=\"0\" touchEnabled=\"false\" visible=\"false\"/>\n\t<ns1:DialogUi id=\"_DialogUi\" x=\"227\" y=\"485\" skinName=\"DialogUiSkin\" horizontalCenter=\"0\" verticalCenter=\"0\" visible=\"false\"/>\n</e:Skin>"
    },
    {
      "path": "src/House/Genera1Skin.exml",
      "content": "<?xml version='1.0' encoding='utf-8'?>\n<e:Skin class=\"Genera1Skin\" width=\"483\" height=\"402\" xmlns:e=\"http://ns.egret.com/eui\" xmlns:w=\"http://ns.egret.com/wing\">\n\t<e:Group id=\"MianGourp\" height=\"402\" width=\"483\" y=\"0\" x=\"1\">\n\t\t<e:Image source=\"shadow1\" x=\"-81\" y=\"106\" scaleX=\"0.87\" scaleY=\"0.87\"/>\n\t\t<e:Image y=\"57\" x=\"34\" id=\"img\" scaleX=\"0.87\" scaleY=\"0.87\" source=\"Genera1_1\" width=\"453\" height=\"261\"/>\n\t\t<e:Image source=\"Genera1_2\" y=\"169\" id=\"Imgleft\" skewY=\"30\" x=\"35\" width=\"227\" height=\"127\"/>\n\t\t<e:Image source=\"Genera1_3\" y=\"280\" id=\"ImgRigth\" skewY=\"-30\" x=\"231\" width=\"228\" height=\"127\"/>\n\t</e:Group>\n\t<e:Rect x=\"222\" ellipseHeight=\"20\" y=\"157\" ellipseWidth=\"20\" width=\"20\" height=\"20\" id=\"m_CenterImg\" fillColor=\"0xFF1818\"/>\n</e:Skin>"
    },
    {
      "path": "src/Jumper/JumperClassSkin.exml",
      "content": "<?xml version='1.0' encoding='utf-8'?>\n<e:Skin class=\"JumperClassSkin\" width=\"123\" height=\"247\" xmlns:e=\"http://ns.egret.com/eui\" xmlns:w=\"http://ns.egret.com/wing\">\n\t<e:Image id=\"CenterEff\" x=\"57\" y=\"208.5\" source=\"CenterEff\" anchorOffsetX=\"258.5\" anchorOffsetY=\"128.5\" scaleX=\"0.1\" scaleY=\"0.1\"/>\n\t<e:Group id=\"MianGourp\" height=\"247\" width=\"123\" x=\"0\" y=\"0\">\n\t\t<e:Image source=\"Peoplesharde\" x=\"-41\" y=\"148\"/>\n\t\t<e:Image id=\"_JumpEffImg\" x=\"-86\" y=\"53\" horizontalCenter=\"0.5\" verticalCenter=\"82.5\" source=\"absorption4\" visible=\"false\"/>\n\t\t<e:Image id=\"_jumper\" x=\"372\" y=\"200\" horizontalCenter=\"5.5\" verticalCenter=\"-77\" source=\"JumperR1\" visible=\"false\"/>\n\t\t<e:Image id=\"JumperBoby\" x=\"27\" y=\"111\" source=\"JumperBoby\" horizontalCenter=\"3\"/>\n\t\t<e:Image id=\"JumperHead\" x=\"26\" y=\"23\" source=\"JumperHeadR\" horizontalCenter=\"-4\"/>\n\t</e:Group>\n\t<e:Group id=\"_FallGourp\" height=\"247\" width=\"123\" y=\"0\">\n\t\t<e:Image id=\"_FallenOn\" x=\"20\" y=\"18\" source=\"FallenOn1\"/>\n\t\t<e:Image id=\"_FallenL\" x=\"-113\" y=\"22\" source=\"FallenL1\"/>\n\t\t<e:Image id=\"_FallenR\" x=\"22\" y=\"34\" source=\"FallenR1\"/>\n\t\t<e:Image id=\"_FallenBottom\" x=\"-114\" y=\"27\" source=\"FallenBottom1\"/>\n\t\t<e:Label id=\"_AddScoreLale\" text=\"+1\" x=\"-194\" y=\"5\" textColor=\"0x000000\" size=\"35\" bold=\"true\" width=\"490\" textAlign=\"center\" verticalAlign=\"middle\"/>\n\t</e:Group>\n</e:Skin>"
    },
    {
      "path": "src/Page/PageSecen2Skin.exml",
      "content": "<?xml version='1.0' encoding='utf-8'?>\n<e:Skin class=\"PageSecen2Skin\" width=\"1080\" height=\"1920\" xmlns:e=\"http://ns.egret.com/eui\" xmlns:w=\"http://ns.egret.com/wing\">\n\t<e:Image source=\"Page2Bg\" x=\"0\" y=\"0\" verticalCenter=\"0\" left=\"0\" bottom=\"0\" right=\"0\" top=\"0\"/>\n\t<e:Image id=\"StartGameBt\" source=\"Page2Item3\" x=\"388\" y=\"1531\" verticalCenter=\"700\" horizontalCenter=\"0\"/>\n\t<e:Image id=\"_rank\" source=\"Page2Item2\" x=\"190\" y=\"1764\" verticalCenter=\"848\" horizontalCenter=\"-245\"/>\n\t<e:Image id=\"_Rules\" source=\"Page2Item1\" x=\"637\" y=\"1757\" horizontalCenter=\"242\" verticalCenter=\"845\"/>\n\t<e:Group height=\"200\" width=\"200\" x=\"783\" y=\"1401\">\n\t\t<e:Image id=\"_MyLuckyIco\" source=\"MyLuckyIco\" x=\"54\" y=\"36\"/>\n\t\t<e:Image id=\"IsRead\" source=\"MyLuckyRed\" x=\"124\" y=\"38\" visible=\"false\"/>\n\t</e:Group>\n</e:Skin>"
    },
    {
      "path": "src/Page/PageSecen1Skin.exml",
      "content": "<?xml version='1.0' encoding='utf-8'?>\n<e:Skin class=\"PageSecen1Skin\" width=\"1080\" height=\"1920\" xmlns:e=\"http://ns.egret.com/eui\" xmlns:w=\"http://ns.egret.com/wing\">\n\t<e:Image source=\"bg1\" x=\"0\" y=\"0\" right=\"0\" bottom=\"0\" left=\"0\" top=\"0\"/>\n\t<e:Image source=\"Page1Bg\" x=\"0\" y=\"0\" horizontalCenter=\"0\" verticalCenter=\"0\"/>\n\t<e:Image id=\"NextSecen\" source=\"Page1Text\" x=\"200\" y=\"340\" verticalCenter=\"-458\" horizontalCenter=\"-8.5\"/>\n</e:Skin>"
    },
    {
      "path": "src/Page/FilliInfoSkin.exml",
      "content": "<?xml version='1.0' encoding='utf-8'?>\n<e:Skin class=\"FilliInfoSkin\" width=\"1080\" height=\"1920\" xmlns:e=\"http://ns.egret.com/eui\" xmlns:w=\"http://ns.egret.com/wing\">\n\t<e:Rect right=\"0\" y=\"40\" top=\"0\" bottom=\"0\" width=\"1080\" left=\"0\" height=\"1920\" alpha=\"0.5\" x=\"40\"/>\n\t<e:Image source=\"FilliInfoItem1\" x=\"292\" y=\"212\" horizontalCenter=\"8.5\" top=\"171\"/>\n\t<e:Image source=\"FilliInfoItem2\" x=\"205\" y=\"896\" horizontalCenter=\"8.5\" top=\"770\"/>\n\t<e:Image source=\"FilliInfoItem3\" x=\"92\" y=\"368\" top=\"340\" horizontalCenter=\"24\"/>\n\t<e:Image id=\"SubmitBt\" source=\"Button9\" x=\"340\" y=\"1316\" horizontalCenter=\"-6\" verticalCenter=\"321.5\"/>\n\t<e:Group height=\"383\" width=\"959\" x=\"-2\" y=\"327\" horizontalCenter=\"24.5\" top=\"340\">\n\t\t<e:EditableText id=\"_tel\" width=\"700\" y=\"280\" height=\"61\" x=\"214\" textAlign=\"left\" verticalAlign=\"middle\" bold=\"true\" size=\"35\" prompt=\"请输入联系电话\"/>\n\t\t<e:EditableText id=\"_name\" width=\"700\" height=\"61\" x=\"216\" y=\"149\" textAlign=\"left\" verticalAlign=\"middle\" bold=\"true\" size=\"35\" prompt=\"请输入名字\"/>\n\t\t<e:Label y=\"280\" verticalAlign=\"middle\" text=\"联系电话：\" textAlign=\"center\" width=\"189\" height=\"61\" x=\"19\" size=\"35\" bold=\"true\"/>\n\t\t<e:Label text=\"姓名：\" x=\"25\" y=\"149\" width=\"112\" height=\"61\" textAlign=\"center\" verticalAlign=\"middle\" size=\"35\" bold=\"true\"/>\n\t</e:Group>\n</e:Skin>"
    },
    {
      "path": "src/Page/EndPageSkin.exml",
      "content": "<?xml version='1.0' encoding='utf-8'?>\n<e:Skin class=\"EndPageSkin\" width=\"1080\" height=\"1920\" xmlns:e=\"http://ns.egret.com/eui\" xmlns:w=\"http://ns.egret.com/wing\">\n\t<e:Rect bottom=\"0\" y=\"40\" top=\"0\" right=\"0\" width=\"1080\" left=\"0\" height=\"1920\" alpha=\"0.5\" x=\"40\"/>\n\t<e:Image source=\"EndPageItem2\" x=\"70\" y=\"738\" horizontalCenter=\"0\" verticalCenter=\"-24.5\"/>\n\t<e:Image source=\"EndPageItem3\" x=\"411\" y=\"183\" verticalCenter=\"-805.5\" horizontalCenter=\"0.5\"/>\n\t<e:Image source=\"EndPageItem4\" x=\"278\" y=\"555\" verticalCenter=\"-436.5\" horizontalCenter=\"-18\"/>\n\t<e:Image id=\"_rankUiBt\" source=\"EndPageItem1\" x=\"727\" y=\"739\" horizontalCenter=\"324\" verticalCenter=\"-229.5\"/>\n\t<e:BitmapLabel id=\"_ScoreLabel\" x=\"140\" y=\"266\" font=\"NumberFnt\" text=\"0\" width=\"796\" textAlign=\"center\" horizontalCenter=\"-9\" verticalCenter=\"-648.5\"/>\n\t<e:Image id=\"RestBt\" source=\"Button2\" x=\"115\" y=\"1552\" horizontalCenter=\"-310\" verticalCenter=\"573.5\"/>\n\t<e:Image id=\"_RulesBt\" source=\"Button8\" x=\"603\" y=\"1537\" verticalCenter=\"570.5\" horizontalCenter=\"302\"/>\n\t<e:Group id=\"PlayerInfo1\" height=\"404\" width=\"310\" x=\"704\" y=\"778\" verticalCenter=\"22\" horizontalCenter=\"323\">\n\t\t<e:Label id=\"_index1\" x=\"144\" y=\"20\" text=\"1\" bold=\"true\" size=\"45\" horizontalCenter=\"0.5\"/>\n\t\t<e:Label id=\"_name1\" y=\"244\" text=\"name\" bold=\"true\" size=\"45\" x=\"30\" width=\"245\" textAlign=\"center\" verticalAlign=\"middle\" horizontalCenter=\"0.5\"/>\n\t\t<e:Label id=\"_Score1\" x=\"40\" y=\"325\" verticalAlign=\"middle\" horizontalCenter=\"0\" textAlign=\"center\" bold=\"true\" width=\"309\" size=\"45\" text=\"99999\"/>\n\t\t<e:Image id=\"_headimg1\" source=\"RankItem5\" x=\"118\" y=\"123\" horizontalCenter=\"0\" width=\"84\" height=\"84\"/>\n\t</e:Group>\n\t<e:Group id=\"PlayerInfo2\" y=\"788\" horizontalCenter=\"2\" verticalCenter=\"22\" width=\"310\" height=\"404\" x=\"714\">\n\t\t<e:Label id=\"_index2\" y=\"20\" text=\"2\" bold=\"true\" size=\"45\" x=\"146\" horizontalCenter=\"-0.5\"/>\n\t\t<e:Image id=\"_headimg2\" source=\"RankItem5\" y=\"122\" x=\"109\" horizontalCenter=\"0\" width=\"84\" height=\"84\"/>\n\t\t<e:Label id=\"_name2\" x=\"24\" y=\"242\" verticalAlign=\"middle\" textAlign=\"center\" bold=\"true\" width=\"245\" size=\"45\" text=\"name\" horizontalCenter=\"0.5\"/>\n\t</e:Group>\n\t<e:Group id=\"PlayerInfo3\" y=\"798\" horizontalCenter=\"-322\" verticalCenter=\"24\" width=\"310\" height=\"404\" x=\"724\">\n\t\t<e:Label id=\"_index3\" y=\"20\" text=\"3\" bold=\"true\" size=\"45\" x=\"132\" horizontalCenter=\"0.5\"/>\n\t\t<e:Image id=\"_headimg3\" source=\"RankItem5\" y=\"123\" x=\"109\" horizontalCenter=\"0\" width=\"84\" height=\"84\"/>\n\t\t<e:Label id=\"_name3\" y=\"244\" verticalAlign=\"middle\" textAlign=\"center\" bold=\"true\" width=\"245\" size=\"45\" text=\"name\" x=\"34\" horizontalCenter=\"0.5\"/>\n\t\t<e:Label id=\"_Score3\" x=\"6\" y=\"325\" verticalAlign=\"middle\" textAlign=\"center\" bold=\"true\" width=\"307\" size=\"45\" text=\"99999\" horizontalCenter=\"0\"/>\n\t</e:Group>\n\t<e:Label id=\"_Score2\" y=\"1106\" verticalAlign=\"middle\" text=\"99999\" textAlign=\"center\" bold=\"true\" width=\"305\" size=\"45\" x=\"389\" horizontalCenter=\"0.5\"/>\n</e:Skin>"
    },
    {
      "path": "src/Page/RankUiSkin.exml",
      "content": "<?xml version='1.0' encoding='utf-8'?>\n<e:Skin class=\"RankUiSkin\" width=\"1080\" height=\"1920\" xmlns:e=\"http://ns.egret.com/eui\" xmlns:w=\"http://ns.egret.com/wing\" xmlns:ns1=\"*\">\n\t<e:Rect bottom=\"0\" y=\"50\" top=\"0\" right=\"0\" width=\"1080\" left=\"0\" height=\"1920\" alpha=\"0.5\" x=\"50\"/>\n\t<e:Group height=\"1920\" width=\"1080\" x=\"0\" horizontalCenter=\"0\" verticalCenter=\"0\">\n\t\t<e:Image source=\"RankItem1\" x=\"63\" y=\"824\"/>\n\t\t<e:Image source=\"RankItem4\" x=\"159\" y=\"431\"/>\n\t\t<e:Image source=\"RankItem6\" x=\"314\" y=\"33\"/>\n\t\t<e:Group id=\"_WinIndex2\" height=\"428\" width=\"242\" x=\"169\" y=\"295\">\n\t\t\t<e:Image source=\"WinIndex2\" x=\"70\" y=\"4\"/>\n\t\t\t<e:Image id=\"_headimg2\" y=\"94\" x=\"54\" width=\"128\" height=\"119\" source=\"RankItem5\"/>\n\t\t\t<e:Label id=\"_name2\" text=\"名字\" x=\"-2\" y=\"228\" width=\"238\" height=\"96\" textAlign=\"center\" size=\"40\" bold=\"true\" verticalAlign=\"middle\"/>\n\t\t\t<e:Label id=\"_scroe2\" y=\"328\" height=\"96\" text=\"10000\" textAlign=\"center\" bold=\"true\" width=\"238\" size=\"40\" verticalAlign=\"middle\" x=\"-2\"/>\n\t\t</e:Group>\n\t\t<e:Group id=\"_WinIndex3\" width=\"242\" y=\"300\" height=\"428\" x=\"682\">\n\t\t\t<e:Image y=\"49\" x=\"70\" source=\"WinIndex3\"/>\n\t\t\t<e:Image id=\"_headimg3\" source=\"RankItem5\" width=\"128\" y=\"141\" height=\"119\" x=\"56\"/>\n\t\t\t<e:Label id=\"_name3\" y=\"270\" height=\"76\" text=\"名字\" textAlign=\"center\" bold=\"true\" width=\"238\" size=\"40\" verticalAlign=\"middle\" x=\"0\"/>\n\t\t\t<e:Label id=\"_scroe3\" y=\"351\" height=\"76\" text=\"10000\" textAlign=\"center\" bold=\"true\" width=\"238\" size=\"40\" verticalAlign=\"middle\" x=\"1\"/>\n\t\t</e:Group>\n\t\t<e:Group id=\"_WinIndex1\" width=\"242\" y=\"187\" height=\"536\" x=\"416\">\n\t\t\t<e:Image y=\"33\" x=\"70\" source=\"WinIndex1\"/>\n\t\t\t<e:Image id=\"_headimg1\" source=\"RankItem5\" width=\"128\" y=\"123\" height=\"119\" x=\"54\"/>\n\t\t\t<e:Label id=\"_name1\" y=\"251\" height=\"120\" text=\"名字\" textAlign=\"center\" bold=\"true\" width=\"238\" size=\"40\" verticalAlign=\"middle\" x=\"10\"/>\n\t\t\t<e:Label id=\"_scroe1\" y=\"440\" size=\"40\" text=\"10000\" textAlign=\"center\" bold=\"true\" width=\"238\" height=\"96\" verticalAlign=\"middle\" x=\"10\"/>\n\t\t</e:Group>\n\t\t<e:Image id=\"RetureGame\" source=\"Button4\" x=\"337\" y=\"1591\"/>\n\t\t<e:Scroller width=\"944\" height=\"528\" x=\"72\" y=\"918\" scrollPolicyH=\"off\" scrollPolicyV=\"on\">\n\t\t\t<e:Group id=\"RankGourp\">\n\t\t\t</e:Group>\n\t\t</e:Scroller>\n\t</e:Group>\n</e:Skin>"
    },
    {
      "path": "src/Page/MyLuckySkin.exml",
      "content": "<?xml version='1.0' encoding='utf-8'?>\n<e:Skin class=\"MyLuckySkin\" width=\"1080\" height=\"1920\" xmlns:e=\"http://ns.egret.com/eui\" xmlns:w=\"http://ns.egret.com/wing\">\n\t<e:Rect bottom=\"0\" y=\"60\" top=\"0\" right=\"0\" width=\"1080\" left=\"0\" height=\"1920\" alpha=\"0.5\" x=\"60\"/>\n\t<e:Group horizontalCenter=\"0\" verticalCenter=\"0\" width=\"1080\" height=\"1920\" x=\"10\" y=\"10\">\n\t\t<e:Image y=\"171\" x=\"231\" source=\"MyLuckyTitle\" horizontalCenter=\"0\"/>\n\t\t<e:Image source=\"MyLuckyItem\" x=\"80\" y=\"468\" verticalCenter=\"-42\" horizontalCenter=\"0\"/>\n\t\t<e:Image source=\"Button4\" y=\"1590\" x=\"347\" id=\"RetureGame\" horizontalCenter=\"0\"/>\n\t\t<e:Scroller width=\"905\" height=\"1139\" x=\"89\" y=\"360\" scrollPolicyH=\"off\" scrollPolicyV=\"auto\">\n\t\t\t<e:Group id=\"ItemGourp\" height=\"1115\"/>\n\t\t</e:Scroller>\n\t</e:Group>\n</e:Skin>"
    },
    {
      "path": "src/Page/RulesUiSkin.exml",
      "content": "<?xml version='1.0' encoding='utf-8'?>\n<e:Skin class=\"RulesUiSkin\" width=\"1080\" height=\"1920\" xmlns:e=\"http://ns.egret.com/eui\" xmlns:w=\"http://ns.egret.com/wing\">\n\t<e:Rect width=\"1080\" y=\"0\" height=\"1920\" alpha=\"0.5\" x=\"0\" bottom=\"0\" left=\"0\" top=\"0\" right=\"0\"/>\n\t<e:Image source=\"RulesItem2\" x=\"58\" y=\"439\" horizontalCenter=\"0\" verticalCenter=\"-20\"/>\n\t<e:Image source=\"RulesItem1\" x=\"264\" y=\"160\" verticalCenter=\"-745.5\" horizontalCenter=\"-11.5\"/>\n\t<e:Image id=\"HideBt\" source=\"Button4\" x=\"452\" y=\"1573\" verticalCenter=\"699.5\" horizontalCenter=\"-3\"/>\n\t<e:Label id=\"title\" text=\"啊实打实的\" x=\"64\" y=\"365\" width=\"947\" height=\"181\" textAlign=\"center\" verticalAlign=\"middle\" bold=\"true\" size=\"45\" horizontalCenter=\"1.5\" verticalCenter=\"-501.5\"/>\n\t<e:Scroller width=\"955\" height=\"942\" x=\"64\" y=\"564\" scrollPolicyH=\"off\" scrollPolicyV=\"auto\" horizontalCenter=\"0.5\" verticalCenter=\"75\">\n\t\t<e:Group>\n\t\t\t<e:Label id=\"content\" y=\"0\" text=\"    啊实\\n打实的\" textAlign=\"left\" bold=\"true\" width=\"947\" size=\"45\" x=\"0\" lineSpacing=\"5\"/>\n\t\t</e:Group>\n\t</e:Scroller>\n</e:Skin>"
    },
    {
      "path": "src/Page/LuckyUiSkin.exml",
      "content": "<?xml version='1.0' encoding='utf-8'?>\n<e:Skin class=\"LuckyUiSkin\" width=\"1080\" height=\"1920\" xmlns:e=\"http://ns.egret.com/eui\" xmlns:w=\"http://ns.egret.com/wing\">\n\t<e:Rect bottom=\"0\" y=\"30\" top=\"0\" right=\"0\" width=\"1080\" left=\"0\" height=\"1920\" alpha=\"0.5\" x=\"30\"/>\n\t<e:Image id=\"_Lucky\" x=\"116\" y=\"304\" horizontalCenter=\"3\" verticalCenter=\"-290.5\" source=\"LuckyItem1\"/>\n\t<e:Image source=\"LuckyItem2\" x=\"315\" y=\"1061\" horizontalCenter=\"-5.5\" verticalCenter=\"173.5\"/>\n\t<e:Image source=\"LuckyItem3\" x=\"224\" y=\"1343\" verticalCenter=\"486.5\" horizontalCenter=\"9.5\"/>\n\t<e:Label id=\"_LuckyNumber\" text=\"3\" x=\"415\" y=\"1078\" height=\"52\" textAlign=\"center\" verticalAlign=\"middle\" horizontalCenter=\"-91\" verticalCenter=\"176\" width=\"102\" textColor=\"0xFF0000\" bold=\"true\" size=\"40\"/>\n</e:Skin>"
    },
    {
      "path": "src/Page/RulesWinSkin.exml",
      "content": "<?xml version='1.0' encoding='utf-8'?>\n<e:Skin class=\"RulesWinSkin\" width=\"1080\" height=\"1920\" xmlns:e=\"http://ns.egret.com/eui\" xmlns:w=\"http://ns.egret.com/wing\">\n\t<e:Rect bottom=\"0\" y=\"10\" top=\"0\" right=\"0\" width=\"1080\" left=\"0\" height=\"1920\" alpha=\"0.5\" x=\"10\"/>\n\t<e:Image source=\"RulesWinItem2\" y=\"266\" horizontalCenter=\"-13.5\" x=\"350\" verticalCenter=\"-802\"/>\n\t<e:Image source=\"RulesWinItem3\" y=\"1254\" horizontalCenter=\"-7\" x=\"162\" verticalCenter=\"291\" visible=\"false\"/>\n\t<e:Image source=\"RulesWinItem1\" y=\"338\" horizontalCenter=\"-4\" x=\"158\" verticalCenter=\"-330\"/>\n\t<e:Image id=\"_luckingBt\" source=\"Button1\" y=\"1538\" horizontalCenter=\"-235\" x=\"122\" verticalCenter=\"606.5\"/>\n\t<e:Image id=\"_RetrueBt\" source=\"Button4\" y=\"1442\" horizontalCenter=\"226\" x=\"610\" verticalCenter=\"604.5\"/>\n\t<e:Image id=\"_winimg\" height=\"832\" width=\"830\" x=\"120\" y=\"214\" verticalCenter=\"-330\" horizontalCenter=\"-3\"/>\n\t<e:Label id=\"_index\" text=\"一等奖\" x=\"291\" y=\"945\" width=\"504\" height=\"82\" textAlign=\"center\" verticalAlign=\"middle\" size=\"50\" bold=\"true\" textColor=\"0xFDED10\" horizontalCenter=\"-2\" verticalCenter=\"0\"/>\n\t<e:Scroller width=\"838\" height=\"405\" x=\"121\" y=\"1072\" scrollPolicyH=\"off\" scrollPolicyV=\"auto\" horizontalCenter=\"0\" verticalCenter=\"331.5\">\n\t\t<e:Group>\n\t\t\t<e:Label id=\"content\" text=\"标签\" width=\"832\" horizontalCenter=\"-2\" y=\"0\"/>\n\t\t</e:Group>\n\t</e:Scroller>\n</e:Skin>"
    },
    {
      "path": "src/Page/RulesBadSkin.exml",
      "content": "<?xml version='1.0' encoding='utf-8'?>\n<e:Skin class=\"RulesBadSkin\" width=\"1080\" height=\"1920\" xmlns:e=\"http://ns.egret.com/eui\" xmlns:w=\"http://ns.egret.com/wing\">\n\t<e:Rect right=\"0\" y=\"20\" top=\"0\" bottom=\"0\" width=\"1080\" left=\"0\" height=\"1920\" alpha=\"0.5\" x=\"20\"/>\n\t<e:Image id=\"_luckingBt\" source=\"Button1\" y=\"1548\" horizontalCenter=\"-235\" x=\"132\" verticalCenter=\"604.5\"/>\n\t<e:Image id=\"_RetrueBt\" source=\"Button4\" y=\"1452\" horizontalCenter=\"226\" x=\"620\" verticalCenter=\"604.5\"/>\n\t<e:Image source=\"RulesBadItem\" x=\"132\" y=\"408\" horizontalCenter=\"0.5\" verticalCenter=\"-324\"/>\n</e:Skin>"
    },
    {
      "path": "src/Game/GameMianSkin.exml",
      "content": "<?xml version='1.0' encoding='utf-8'?>\n<e:Skin class=\"GameMianSkin\" width=\"1080\" height=\"1920\" xmlns:e=\"http://ns.egret.com/eui\" xmlns:ns1=\"*\" xmlns:w=\"http://ns.egret.com/wing\">\n\t<e:Rect id=\"MainColor\" height=\"1920\" width=\"1080\" x=\"0\" y=\"0\" fillColor=\"0xD56B6B\" blendMode=\"normal\" visible=\"false\"/>\n\t<e:Image source=\"bg1\" x=\"-15\" y=\"-46\" bottom=\"0\" left=\"0\" top=\"0\" right=\"0\"/>\n\t<e:Label id=\"_MainSocre\" text=\"0\" x=\"71\" y=\"70\" width=\"202\" height=\"110\" textAlign=\"center\" verticalAlign=\"middle\" size=\"75\" textColor=\"0x0C0C0C\" italic=\"true\" horizontalCenter=\"367\" bold=\"true\" right=\"72\"/>\n\t<e:Group id=\"HouseGourp\" height=\"1920\" width=\"1080\" x=\"-1\" y=\"2\">\n\t\t<ns1:Genera1 id=\"StartHouse\" x=\"63\" y=\"1188\" skinName=\"Genera1Skin\"/>\n\t\t<ns1:Genera1 x=\"361\" y=\"1172\" skinName=\"Genera1Skin\" id=\"StartHouse0\" visible=\"false\"/>\n\t\t<ns1:Genera1 id=\"StartHouse1\" y=\"888\" skinName=\"Genera1Skin\" x=\"16\" visible=\"false\"/>\n\t\t<ns1:JumperClass id=\"_Jumper\" x=\"384\" y=\"1011\" skinName=\"JumperClassSkin\" width=\"115\" height=\"243\"/>\n\t</e:Group>\n\t<ns1:PageSecen2 id=\"_Page2\" x=\"564\" y=\"906\" skinName=\"PageSecen2Skin\" horizontalCenter=\"0\" verticalCenter=\"0\" visible=\"false\"/>\n\t<ns1:PageSecen1 id=\"_Page1\" x=\"0\" y=\"0\" horizontalCenter=\"0\" verticalCenter=\"0\" skinName=\"PageSecen1Skin\" visible=\"false\"/>\n\t<ns1:FilliInfo id=\"_FilliInfo\" x=\"558\" y=\"973\" skinName=\"FilliInfoSkin\" horizontalCenter=\"0\" verticalCenter=\"0\" visible=\"false\"/>\n\t<ns1:EndPage id=\"_EndPage\" x=\"0\" y=\"0\" skinName=\"EndPageSkin\" visible=\"false\"/>\n\t<ns1:RankUi id=\"_RankUi\" x=\"528\" y=\"956\" horizontalCenter=\"0\" verticalCenter=\"0\" skinName=\"RankUiSkin\" visible=\"false\"/>\n\t<ns1:MyLucky id=\"_MyLucky\" x=\"0\" y=\"0\" skinName=\"MyLuckySkin\" verticalCenter=\"0\" horizontalCenter=\"0\" visible=\"false\"/>\n\t<ns1:RulesUi id=\"_Rules\" x=\"0\" y=\"0\" skinName=\"RulesUiSkin\" horizontalCenter=\"0\" verticalCenter=\"0\" visible=\"false\"/>\n\t<ns1:LuckyUi id=\"_LuckyUi\" x=\"0\" y=\"0\" skinName=\"LuckyUiSkin\" horizontalCenter=\"0\" verticalCenter=\"0\" visible=\"false\"/>\n\t<ns1:RulesWinUi id=\"_RulesWin\" x=\"0\" y=\"0\" skinName=\"RulesWinSkin\" visible=\"false\"/>\n\t<ns1:RulesBad id=\"_RulesBad\" x=\"0\" y=\"0\" skinName=\"RulesBadSkin\" visible=\"false\"/>\n\t<e:Image source=\"Page2Item4\" x=\"46\" y=\"79\"/>\n\n</e:Skin>"
    },
    {
      "path": "src/House/Genera11Skin.exml",
      "content": "<?xml version='1.0' encoding='utf-8'?>\n<e:Skin class=\"Genera11Skin\" width=\"483\" height=\"402\" xmlns:e=\"http://ns.egret.com/eui\" xmlns:w=\"http://ns.egret.com/wing\">\n\t<e:Group id=\"MianGourp\" height=\"402\" width=\"483\" y=\"0\">\n\t\t<e:Image source=\"shadow2\" x=\"58\" y=\"116\"/>\n\t\t<e:Image id=\"ImgRigth\" y=\"116\" width=\"261\" x=\"105\" horizontalCenter=\"-8\" source=\"2Genera1_2\" height=\"290\"/>\n\t\t<e:Image y=\"75\" x=\"67\" id=\"img\" horizontalCenter=\"-5.5\" source=\"2Genera1_1\" width=\"340\" height=\"219\"/>\n\t\t<e:Rect id=\"m_CenterImg\" height=\"20\" width=\"20\" x=\"229\" y=\"154\" ellipseHeight=\"20\" ellipseWidth=\"20\" fillColor=\"0xFFFFFF\"/>\n\t</e:Group>\n</e:Skin>"
    },
    {
      "path": "src/HouseScore/Special1Skin.exml",
      "content": "<?xml version='1.0' encoding='utf-8'?>\n<e:Skin class=\"Special1Skin\" width=\"483\" height=\"402\" xmlns:e=\"http://ns.egret.com/eui\" xmlns:w=\"http://ns.egret.com/wing\">\n\t<e:Group id=\"MianGourp\" height=\"402\" width=\"483\" y=\"0\" x=\"1\">\n\t\t<e:Image source=\"shadow1\" x=\"-81\" y=\"106\" scaleX=\"0.87\" scaleY=\"0.87\"/>\n\t\t<e:Image y=\"65\" x=\"25\" id=\"img\" scaleX=\"0.87\" scaleY=\"0.87\" source=\"Special1_1\"/>\n\t\t<e:Image y=\"149\" id=\"Imgleft\" skewY=\"30\" x=\"28\" width=\"241\" height=\"127\" source=\"Special1_2\"/>\n\t\t<e:Image y=\"260\" id=\"ImgRigth\" skewY=\"-30\" x=\"237\" source=\"Special1_3\" width=\"240\"/>\n\t</e:Group>\n\t<e:Rect x=\"222\" ellipseHeight=\"20\" y=\"157\" ellipseWidth=\"20\" width=\"20\" height=\"20\" id=\"m_CenterImg\" fillColor=\"0xFF1818\"/>\n</e:Skin>"
    },
    {
      "path": "src/HouseScore/Special2Skin.exml",
      "content": "<?xml version='1.0' encoding='utf-8'?>\n<e:Skin class=\"Special2Skin\" width=\"483\" height=\"402\" xmlns:e=\"http://ns.egret.com/eui\" xmlns:w=\"http://ns.egret.com/wing\">\n\t<e:Group id=\"MianGourp\" height=\"402\" width=\"483\" y=\"0\" x=\"1\">\n\t\t<e:Image source=\"shadow1\" x=\"77\" y=\"257\" scaleX=\"0.87\" scaleY=\"0.87\" width=\"301\" height=\"225\"/>\n\t\t<e:Image y=\"107\" x=\"127\" id=\"img\" scaleX=\"0.87\" scaleY=\"0.87\" source=\"2Special1_1\" locked=\"true\"/>\n\t\t<e:Image y=\"165\" id=\"Imgleft\" skewY=\"30\" x=\"128\" source=\"2Special1_2\" locked=\"true\"/>\n\t\t<e:Image y=\"226\" id=\"ImgRigth\" skewY=\"-30\" x=\"234\" source=\"2Special1_3\" locked=\"true\"/>\n\t</e:Group>\n\t<e:Rect x=\"222\" ellipseHeight=\"20\" y=\"157\" ellipseWidth=\"20\" width=\"20\" height=\"20\" id=\"m_CenterImg\" fillColor=\"0xFF1818\" locked=\"true\"/>\n</e:Skin>"
    },
    {
      "path": "src/HouseScore/Special3Skin.exml",
      "content": "<?xml version='1.0' encoding='utf-8'?>\n<e:Skin class=\"Special3Skin\" width=\"483\" height=\"402\" xmlns:e=\"http://ns.egret.com/eui\" xmlns:w=\"http://ns.egret.com/wing\">\n\t<e:Group id=\"MianGourp\" height=\"402\" width=\"483\" y=\"0\" x=\"1\">\n\t\t<e:Image source=\"shadow1\" x=\"-81\" y=\"106\" scaleX=\"0.87\" scaleY=\"0.87\"/>\n\t\t<e:Image y=\"57\" x=\"34\" id=\"img\" scaleX=\"0.87\" scaleY=\"0.87\" source=\"Genera1_1\" width=\"453\" height=\"261\"/>\n\t\t<e:Image source=\"Genera1_2\" y=\"169\" id=\"Imgleft\" skewY=\"30\" x=\"35\" width=\"227\" height=\"127\"/>\n\t\t<e:Image source=\"Genera1_3\" y=\"280\" id=\"ImgRigth\" skewY=\"-30\" x=\"231\" width=\"228\" height=\"127\"/>\n\t</e:Group>\n\t<e:Rect x=\"222\" ellipseHeight=\"20\" y=\"157\" ellipseWidth=\"20\" width=\"20\" height=\"20\" id=\"m_CenterImg\" fillColor=\"0xFF1818\"/>\n</e:Skin>"
    },
    {
      "path": "src/LoadingUISkin.exml",
      "content": "<?xml version='1.0' encoding='utf-8'?>\n<e:Skin class=\"LoadingUISkin\" width=\"960\" height=\"640\" xmlns:e=\"http://ns.egret.com/eui\" xmlns:w=\"http://ns.egret.com/wing\">\n\t<e:Rect x=\"0\" y=\"0\" top=\"0\" bottom=\"0\" left=\"0\" right=\"0\" fillColor=\"0xFFFFFF\"/>\n\t<e:Label id=\"textField\" text=\"textField\" x=\"346\" y=\"498\" width=\"386\" horizontalCenter=\"0\" bottom=\"130\" size=\"25\" textAlign=\"center\" textColor=\"0x000000\"/>\n\t<e:Label id=\"textField2\" x=\"342\" width=\"446\" y=\"543\" text=\"textField\" textAlign=\"center\" horizontalCenter=\"0\" bottom=\"80\" size=\"20\" textColor=\"0x040000\"/>\n\t<e:Rect id=\"LoadingBg\" height=\"11\" width=\"580\" x=\"109\" y=\"352\" fillColor=\"0x0A0A0A\"/>\n\t<e:Rect id=\"Loading\" width=\"0\" y=\"352\" fillColor=\"0xF81111\" height=\"11\" x=\"109\"/>\n</e:Skin>"
    },
    {
      "path": "src/Page/MyLuckySingSkin.exml",
      "content": "<?xml version='1.0' encoding='utf-8'?>\n<e:Skin class=\"MyLuckySingSkin\" width=\"876\" height=\"216\" xmlns:e=\"http://ns.egret.com/eui\" xmlns:w=\"http://ns.egret.com/wing\">\n\t<e:Image source=\"MyLuckyItem\" x=\"0\" y=\"0\" width=\"876\" height=\"216\" scale9Grid=\"54,37,879,1145\"/>\n\t<e:Label id=\"ItemLabel1\" text=\"一等奖：美好\" x=\"35\" y=\"30\" width=\"831\" height=\"68\" bold=\"true\" verticalAlign=\"middle\" size=\"33\"/>\n\t<e:Label id=\"ItemLabel2\" width=\"831\" y=\"117\" height=\"68\" text=\"中奖期限：165456\" x=\"35\" bold=\"true\" textAlign=\"left\" verticalAlign=\"middle\" size=\"33\"/>\n</e:Skin>"
    },
    {
      "path": "src/Page/SingleRankUiSkin.exml",
      "content": "<?xml version='1.0' encoding='utf-8'?>\n<e:Skin class=\"SingleRankUiSkin\" width=\"960\" height=\"104\" xmlns:e=\"http://ns.egret.com/eui\" xmlns:w=\"http://ns.egret.com/wing\">\n\t<e:Label id=\"_indexLabel\" y=\"6\" height=\"96\" text=\"1\" textAlign=\"center\" bold=\"true\" width=\"118\" size=\"40\" verticalAlign=\"middle\" x=\"2\" verticalCenter=\"0\"/>\n\t<e:Label id=\"_NameLabel\" bold=\"true\" y=\"16\" height=\"96\" text=\"名字有5个字\" textAlign=\"center\" verticalCenter=\"0\" width=\"296\" size=\"40\" verticalAlign=\"middle\" x=\"301\"/>\n\t<e:Label id=\"_SocreLabel\" verticalCenter=\"1\" y=\"26\" size=\"40\" text=\"666666\" textAlign=\"center\" bold=\"true\" width=\"296\" height=\"96\" verticalAlign=\"middle\" x=\"662\"/>\n\t<e:Image id=\"_HeadImg\" source=\"RankItem5\" x=\"146\" y=\"12\" verticalCenter=\"0\" width=\"84\" height=\"84\"/>\n</e:Skin>"
    }
  ],
  "skins": {
    "eui.Button": "resource/eui_skins/ButtonSkin.exml",
    "eui.CheckBox": "resource/eui_skins/CheckBoxSkin.exml",
    "eui.HScrollBar": "resource/eui_skins/HScrollBarSkin.exml",
    "eui.HSlider": "resource/eui_skins/HSliderSkin.exml",
    "eui.ItemRenderer": "resource/eui_skins/ItemRendererSkin.exml",
    "eui.Panel": "resource/eui_skins/PanelSkin.exml",
    "eui.ProgressBar": "resource/eui_skins/ProgressBarSkin.exml",
    "eui.RadioButton": "resource/eui_skins/RadioButtonSkin.exml",
    "eui.Scroller": "resource/eui_skins/ScrollerSkin.exml",
    "eui.TextInput": "resource/eui_skins/TextInputSkin.exml",
    "eui.ToggleSwitch": "resource/eui_skins/ToggleSwitchSkin.exml",
    "eui.VScrollBar": "resource/eui_skins/VScrollBarSkin.exml",
    "eui.VSlider": "resource/eui_skins/VSliderSkin.exml"
  }
}