﻿<?xml version="1.0" encoding="utf-8"?>
<TextureAtlas imagePath="SpriteListMiddle.png">
	<!-- Created with Adobe Flash Professional version 13.1.0.226 -->
	<!-- http://www.adobe.com/products/flash.html -->
	<SubTexture name="Draka instance 10000" x="475" y="285" width="124" height="120" frameX="-56" frameY="-36" frameWidth="264" frameHeight="181"/>
	<SubTexture name="Draka instance 10001" x="791" y="158" width="120" height="124" frameX="-60" frameY="-33" frameWidth="264" frameHeight="181"/>
	<SubTexture name="Draka instance 10002" x="655" y="158" width="136" height="136" frameX="-48" frameY="-25" frameWidth="264" frameHeight="181"/>
	<SubTexture name="Draka instance 10003" x="759" y="0" width="148" height="158" frameX="-39" frameY="-15" frameWidth="264" frameHeight="181"/>
	<SubTexture name="Draka instance 10004" x="0" y="166" width="159" height="157" frameX="-30" frameY="-24" frameWidth="264" frameHeight="181"/>
	<SubTexture name="Draka instance 10005" x="475" y="158" width="180" height="127" frameX="-40" frameY="-23" frameWidth="264" frameHeight="181"/>
	<SubTexture name="Draka instance 10006" x="264" y="157" width="211" height="136" frameX="-25" frameY="-17" frameWidth="264" frameHeight="181"/>
	<SubTexture name="Draka instance 10007" x="515" y="0" width="244" height="158" frameX="-11" frameY="-7" frameWidth="264" frameHeight="181"/>
	<SubTexture name="Draka instance 10008" x="264" y="0" width="251" height="157" frameX="-4" frameY="-6" frameWidth="264" frameHeight="181"/>
	<SubTexture name="Draka instance 10009" x="0" y="0" width="264" height="166" frameX="0" frameY="0" frameWidth="264" frameHeight="181"/>
	<SubTexture name="HeroDie instance 10000" x="663" y="802" width="75" height="76" frameX="-3" frameY="-3" frameWidth="80" frameHeight="82"/>
	<SubTexture name="HeroDie instance 10001" x="66" y="323" width="80" height="82"/>
	<SubTexture name="HeroDie instance 10002" x="920" y="303" width="79" height="82" frameX="-1" frameY="0" frameWidth="80" frameHeight="82"/>
	<SubTexture name="HeroDie instance 10003" x="849" y="586" width="79" height="80" frameX="-1" frameY="-1" frameWidth="80" frameHeight="82"/>
	<SubTexture name="HeroDie instance 10004" x="333" y="393" width="79" height="79" frameX="-1" frameY="-1" frameWidth="80" frameHeight="82"/>
	<SubTexture name="HeroDie instance 10005" x="631" y="600" width="79" height="76" frameX="-1" frameY="-4" frameWidth="80" frameHeight="82"/>
	<SubTexture name="HeroDie instance 10006" x="418" y="913" width="72" height="70" frameX="-1" frameY="-10" frameWidth="80" frameHeight="82"/>
	<SubTexture name="HeroDie instance 10007" x="490" y="913" width="70" height="67" frameX="-1" frameY="-13" frameWidth="80" frameHeight="82"/>
	<SubTexture name="HeroDie instance 10008" x="849" y="507" width="64" height="67" frameX="-7" frameY="-13" frameWidth="80" frameHeight="82"/>
	<SubTexture name="HeroDie instance 10009" x="884" y="787" width="64" height="67" frameX="-7" frameY="-13" frameWidth="80" frameHeight="82"/>
	<SubTexture name="HeroDie instance 10010" x="948" y="787" width="64" height="67" frameX="-7" frameY="-13" frameWidth="80" frameHeight="82"/>
	<SubTexture name="HeroDie instance 10011" x="884" y="854" width="64" height="67" frameX="-7" frameY="-13" frameWidth="80" frameHeight="82"/>
	<SubTexture name="HeroDie instance 10012" x="852" y="921" width="64" height="44" frameX="-7" frameY="-13" frameWidth="80" frameHeight="82"/>
	<SubTexture name="HeroDie instance 10013" x="784" y="957" width="64" height="44" frameX="-7" frameY="-13" frameWidth="80" frameHeight="82"/>
	<SubTexture name="HeroDie instance 10014" x="803" y="870" width="66" height="44" frameX="-6" frameY="-12" frameWidth="80" frameHeight="82"/>
	<SubTexture name="HeroDie instance 10015" x="848" y="965" width="66" height="42" frameX="-6" frameY="-12" frameWidth="80" frameHeight="82"/>
	<SubTexture name="HeroDie instance 10016" x="718" y="894" width="67" height="43" frameX="-5" frameY="-11" frameWidth="80" frameHeight="82"/>
	<SubTexture name="HeroDie instance 10017" x="718" y="937" width="66" height="43" frameX="-6" frameY="-10" frameWidth="80" frameHeight="82"/>
	<SubTexture name="HeroDie instance 10018" x="785" y="914" width="67" height="43" frameX="-5" frameY="-9" frameWidth="80" frameHeight="82"/>
	<SubTexture name="HeroDie instance 10019" x="656" y="981" width="67" height="42" frameX="-5" frameY="-9" frameWidth="80" frameHeight="82"/>
	<SubTexture name="HeroDie instance 10020" x="916" y="937" width="67" height="42" frameX="-5" frameY="-8" frameWidth="80" frameHeight="82"/>
	<SubTexture name="HeroDie instance 10021" x="418" y="983" width="70" height="41" frameX="-4" frameY="-8" frameWidth="80" frameHeight="82"/>
	<SubTexture name="HeroDie instance 10022" x="948" y="895" width="68" height="42" frameX="-5" frameY="-7" frameWidth="80" frameHeight="82"/>
	<SubTexture name="HeroDie instance 10023" x="490" y="980" width="70" height="42" frameX="-4" frameY="-6" frameWidth="80" frameHeight="82"/>
	<SubTexture name="HeroDie instance 10024" x="948" y="854" width="70" height="41" frameX="-4" frameY="-6" frameWidth="80" frameHeight="82"/>
	<SubTexture name="HeroDie instance 10025" x="560" y="983" width="70" height="40" frameX="-4" frameY="-4" frameWidth="80" frameHeight="82"/>
	<SubTexture name="Question instance 10000" x="209" y="368" width="16" height="22" frameX="-4" frameY="-13" frameWidth="24" frameHeight="35"/>
	<SubTexture name="Question instance 10001" x="393" y="472" width="18" height="23" frameX="-3" frameY="-12" frameWidth="24" frameHeight="35"/>
	<SubTexture name="Question instance 10002" x="689" y="676" width="18" height="23" frameX="-3" frameY="-12" frameWidth="24" frameHeight="35"/>
	<SubTexture name="Question instance 10003" x="371" y="576" width="18" height="23" frameX="-3" frameY="-12" frameWidth="24" frameHeight="35"/>
	<SubTexture name="Question instance 10004" x="191" y="468" width="18" height="25" frameX="-3" frameY="-10" frameWidth="24" frameHeight="35"/>
	<SubTexture name="Question instance 10005" x="312" y="494" width="20" height="26" frameX="-2" frameY="-9" frameWidth="24" frameHeight="35"/>
	<SubTexture name="Question instance 10006" x="803" y="791" width="22" height="30" frameX="-1" frameY="-5" frameWidth="24" frameHeight="35"/>
	<SubTexture name="Question instance 10007" x="607" y="699" width="24" height="30" frameX="0" frameY="-4" frameWidth="24" frameHeight="35"/>
	<SubTexture name="Question instance 10008" x="630" y="983" width="24" height="31" frameX="0" frameY="-3" frameWidth="24" frameHeight="35"/>
	<SubTexture name="Question instance 10009" x="607" y="729" width="23" height="30" frameX="-1" frameY="-2" frameWidth="24" frameHeight="35"/>
	<SubTexture name="Question instance 10010" x="803" y="821" width="21" height="29" frameX="-2" frameY="-2" frameWidth="24" frameHeight="35"/>
	<SubTexture name="Question instance 10011" x="826" y="690" width="21" height="29" frameX="-2" frameY="-1" frameWidth="24" frameHeight="35"/>
	<SubTexture name="Question instance 10012" x="826" y="719" width="21" height="29" frameX="-2" frameY="-1" frameWidth="24" frameHeight="35"/>
	<SubTexture name="Question instance 10013" x="312" y="520" width="19" height="27" frameX="-3" frameY="-1" frameWidth="24" frameHeight="35"/>
	<SubTexture name="Question instance 10014" x="312" y="547" width="19" height="27" frameX="-3" frameY="-1" frameWidth="24" frameHeight="35"/>
	<SubTexture name="Question instance 10015" x="768" y="600" width="18" height="27" frameX="-4" frameY="0" frameWidth="24" frameHeight="35"/>
	<SubTexture name="Question instance 10016" x="768" y="627" width="18" height="27" frameX="-4" frameY="0" frameWidth="24" frameHeight="35"/>
	<SubTexture name="Question instance 10017" x="768" y="654" width="18" height="27" frameX="-4" frameY="0" frameWidth="24" frameHeight="35"/>
	<SubTexture name="Question instance 10018" x="129" y="405" width="17" height="26" frameX="-5" frameY="0" frameWidth="24" frameHeight="35"/>
	<SubTexture name="Question instance 10019" x="129" y="431" width="17" height="26" frameX="-5" frameY="0" frameWidth="24" frameHeight="35"/>
	<SubTexture name="Question instance 10020" x="572" y="507" width="17" height="26" frameX="-5" frameY="0" frameWidth="24" frameHeight="35"/>
	<SubTexture name="SecurityAttack instance 10000" x="159" y="268" width="67" height="100" frameX="-1" frameY="-4" frameWidth="68" frameHeight="104"/>
	<SubTexture name="SecurityAttack instance 10001" x="599" y="294" width="64" height="101" frameX="-1" frameY="-3" frameWidth="68" frameHeight="104"/>
	<SubTexture name="SecurityAttack instance 10002" x="125" y="569" width="61" height="101" frameX="-2" frameY="-3" frameWidth="68" frameHeight="104"/>
	<SubTexture name="SecurityAttack instance 10003" x="431" y="708" width="59" height="101" frameX="-2" frameY="-2" frameWidth="68" frameHeight="104"/>
	<SubTexture name="SecurityAttack instance 10004" x="480" y="811" width="55" height="102" frameX="-2" frameY="-1" frameWidth="68" frameHeight="104"/>
	<SubTexture name="SecurityAttack instance 10005" x="602" y="879" width="54" height="104" frameX="-2" frameY="0" frameWidth="68" frameHeight="104"/>
	<SubTexture name="SecurityAttack instance 10006" x="547" y="800" width="55" height="103" frameX="-2" frameY="-1" frameWidth="68" frameHeight="104"/>
	<SubTexture name="SecurityAttack instance 10007" x="747" y="791" width="56" height="103" frameX="-2" frameY="-1" frameWidth="68" frameHeight="104"/>
	<SubTexture name="SecurityAttack instance 10008" x="607" y="777" width="56" height="102" frameX="-2" frameY="-2" frameWidth="68" frameHeight="104"/>
	<SubTexture name="SecurityAttack instance 10009" x="710" y="600" width="58" height="101" frameX="-2" frameY="-3" frameWidth="68" frameHeight="104"/>
	<SubTexture name="SecurityAttack instance 10010" x="663" y="294" width="64" height="101" frameX="-1" frameY="-3" frameWidth="68" frameHeight="104"/>
	<SubTexture name="SecurityAttack instance 10011" x="787" y="485" width="62" height="102" frameX="-1" frameY="-2" frameWidth="68" frameHeight="104"/>
	<SubTexture name="SecurityAttack instance 10012" x="491" y="608" width="59" height="102" frameX="-2" frameY="-2" frameWidth="68" frameHeight="104"/>
	<SubTexture name="SecurityAttack instance 10013" x="393" y="497" width="59" height="103" frameX="-1" frameY="-1" frameWidth="68" frameHeight="104"/>
	<SubTexture name="SecurityAttack instance 10014" x="312" y="576" width="59" height="103" frameX="-1" frameY="-1" frameWidth="68" frameHeight="104"/>
	<SubTexture name="SecurityAttack instance 10015" x="333" y="472" width="60" height="104" frameX="0" frameY="0" frameWidth="68" frameHeight="104"/>
	<SubTexture name="SecurityAttack instance 10016" x="786" y="587" width="61" height="103" frameX="-1" frameY="-1" frameWidth="68" frameHeight="104"/>
	<SubTexture name="SecurityAttack instance 10017" x="847" y="666" width="61" height="103" frameX="-2" frameY="-1" frameWidth="68" frameHeight="104"/>
	<SubTexture name="SecurityAttack instance 10018" x="209" y="393" width="62" height="101" frameX="-2" frameY="-2" frameWidth="68" frameHeight="104"/>
	<SubTexture name="SecurityAttack instance 10019" x="599" y="395" width="64" height="100" frameX="-2" frameY="-3" frameWidth="68" frameHeight="104"/>
	<SubTexture name="SecurityAttack instance 10020" x="911" y="202" width="66" height="101" frameX="-1" frameY="-3" frameWidth="68" frameHeight="104"/>
	<SubTexture name="SecurityMiss instance 10000" x="311" y="679" width="60" height="101" frameX="0" frameY="-1" frameWidth="67" frameHeight="102"/>
	<SubTexture name="SecurityMiss instance 10001" x="533" y="405" width="60" height="102" frameX="0" frameY="0" frameWidth="67" frameHeight="102"/>
	<SubTexture name="SecurityMiss instance 10002" x="593" y="495" width="60" height="102" frameX="0" frameY="0" frameWidth="67" frameHeight="102"/>
	<SubTexture name="SecurityMiss instance 10003" x="246" y="696" width="60" height="101" frameX="0" frameY="-1" frameWidth="67" frameHeight="102"/>
	<SubTexture name="SecurityMiss instance 10004" x="183" y="698" width="60" height="101" frameX="0" frameY="-1" frameWidth="67" frameHeight="102"/>
	<SubTexture name="SecurityMiss instance 10005" x="121" y="771" width="60" height="101" frameX="0" frameY="-1" frameWidth="67" frameHeight="102"/>
	<SubTexture name="SecurityMiss instance 10006" x="60" y="808" width="60" height="101" frameX="0" frameY="-1" frameWidth="67" frameHeight="102"/>
	<SubTexture name="SecurityMiss instance 10007" x="0" y="826" width="60" height="101" frameX="0" frameY="-1" frameWidth="67" frameHeight="102"/>
	<SubTexture name="SecurityMiss instance 10008" x="512" y="507" width="60" height="101" frameX="0" frameY="-1" frameWidth="67" frameHeight="102"/>
	<SubTexture name="SecurityMiss instance 10009" x="653" y="498" width="60" height="102" frameX="0" frameY="0" frameWidth="67" frameHeight="102"/>
	<SubTexture name="SecurityMiss instance 10010" x="431" y="607" width="60" height="101" frameX="0" frameY="-1" frameWidth="67" frameHeight="102"/>
	<SubTexture name="SecurityMiss instance 10011" x="371" y="701" width="60" height="101" frameX="0" frameY="-1" frameWidth="67" frameHeight="102"/>
	<SubTexture name="SecurityMiss instance 10012" x="550" y="699" width="57" height="101" frameX="-3" frameY="-1" frameWidth="67" frameHeight="102"/>
	<SubTexture name="SecurityMiss instance 10013" x="768" y="690" width="58" height="101" frameX="-3" frameY="-1" frameWidth="67" frameHeight="102"/>
	<SubTexture name="SecurityMiss instance 10014" x="366" y="802" width="59" height="101" frameX="-3" frameY="-1" frameWidth="67" frameHeight="102"/>
	<SubTexture name="SecurityMiss instance 10015" x="306" y="780" width="60" height="101" frameX="-3" frameY="-1" frameWidth="67" frameHeight="102"/>
	<SubTexture name="SecurityMiss instance 10016" x="62" y="606" width="61" height="101" frameX="-3" frameY="-1" frameWidth="67" frameHeight="102"/>
	<SubTexture name="SecurityMiss instance 10017" x="129" y="468" width="62" height="101" frameX="-3" frameY="-1" frameWidth="67" frameHeight="102"/>
	<SubTexture name="SecurityMiss instance 10018" x="727" y="294" width="64" height="101" frameX="-3" frameY="-1" frameWidth="67" frameHeight="102"/>
	<SubTexture name="SecurityMiss instance 10019" x="63" y="505" width="62" height="101" frameX="-3" frameY="-1" frameWidth="67" frameHeight="102"/>
	<SubTexture name="SecurityMiss instance 10020" x="0" y="624" width="61" height="101" frameX="-3" frameY="-1" frameWidth="67" frameHeight="102"/>
	<SubTexture name="SecurityMiss instance 10021" x="243" y="797" width="60" height="101" frameX="-3" frameY="-1" frameWidth="67" frameHeight="102"/>
	<SubTexture name="SecurityMiss instance 10022" x="303" y="881" width="59" height="101" frameX="-3" frameY="-1" frameWidth="67" frameHeight="102"/>
	<SubTexture name="SecurityMiss instance 10023" x="826" y="769" width="58" height="101" frameX="-3" frameY="-1" frameWidth="67" frameHeight="102"/>
	<SubTexture name="SecurityMiss instance 10024" x="241" y="898" width="59" height="101" frameX="-3" frameY="-1" frameWidth="67" frameHeight="102"/>
	<SubTexture name="SecurityMiss instance 10025" x="181" y="799" width="60" height="101" frameX="-3" frameY="-1" frameWidth="67" frameHeight="102"/>
	<SubTexture name="SecurityMiss instance 10026" x="251" y="494" width="61" height="101" frameX="-3" frameY="-1" frameWidth="67" frameHeight="102"/>
	<SubTexture name="SecurityMiss instance 10027" x="0" y="523" width="62" height="101" frameX="-3" frameY="-1" frameWidth="67" frameHeight="102"/>
	<SubTexture name="SecurityMiss instance 10028" x="791" y="384" width="64" height="101" frameX="-3" frameY="-1" frameWidth="67" frameHeight="102"/>
	<SubTexture name="SecurityMiss instance 10029" x="271" y="393" width="62" height="101" frameX="-3" frameY="-1" frameWidth="67" frameHeight="102"/>
	<SubTexture name="SecurityMiss instance 10030" x="472" y="405" width="61" height="101" frameX="-3" frameY="-1" frameWidth="67" frameHeight="102"/>
	<SubTexture name="SecurityMiss instance 10031" x="120" y="872" width="60" height="101" frameX="-3" frameY="-1" frameWidth="67" frameHeight="102"/>
	<SubTexture name="SecurityMiss instance 10032" x="631" y="676" width="58" height="101" frameX="-3" frameY="-1" frameWidth="67" frameHeight="102"/>
	<SubTexture name="SecurityMiss instance 10033" x="689" y="701" width="58" height="101" frameX="-3" frameY="-1" frameWidth="67" frameHeight="102"/>
	<SubTexture name="SecurityMiss instance 10034" x="490" y="710" width="57" height="101" frameX="-3" frameY="-1" frameWidth="67" frameHeight="102"/>
	<SubTexture name="SecurityMiss instance 10035" x="60" y="909" width="60" height="101" frameX="0" frameY="-1" frameWidth="67" frameHeight="102"/>
	<SubTexture name="SecurityStay instance 10000" x="251" y="595" width="60" height="101" frameX="-3" frameY="0" frameWidth="63" frameHeight="101"/>
	<SubTexture name="SecurityStay instance 10001" x="186" y="597" width="60" height="101" frameX="-3" frameY="0" frameWidth="63" frameHeight="101"/>
	<SubTexture name="SecurityStay instance 10002" x="928" y="586" width="63" height="100" frameX="0" frameY="-1" frameWidth="63" frameHeight="101"/>
	<SubTexture name="SecurityStay instance 10003" x="226" y="293" width="63" height="100" frameX="0" frameY="-1" frameWidth="63" frameHeight="101"/>
	<SubTexture name="SecurityStay instance 10004" x="146" y="368" width="63" height="100" frameX="0" frameY="-1" frameWidth="63" frameHeight="101"/>
	<SubTexture name="SecurityStay instance 10005" x="66" y="405" width="63" height="100" frameX="0" frameY="-1" frameWidth="63" frameHeight="101"/>
	<SubTexture name="SecurityStay instance 10006" x="0" y="423" width="63" height="100" frameX="0" frameY="-1" frameWidth="63" frameHeight="101"/>
	<SubTexture name="SecurityStay instance 10007" x="289" y="293" width="63" height="100" frameX="0" frameY="-1" frameWidth="63" frameHeight="101"/>
	<SubTexture name="SecurityStay instance 10008" x="352" y="293" width="63" height="100" frameX="0" frameY="-1" frameWidth="63" frameHeight="101"/>
	<SubTexture name="SecurityStay instance 10009" x="123" y="670" width="60" height="101" frameX="-3" frameY="0" frameWidth="63" frameHeight="101"/>
	<SubTexture name="SecurityStay instance 10010" x="61" y="707" width="60" height="101" frameX="-3" frameY="0" frameWidth="63" frameHeight="101"/>
	<SubTexture name="SecurityStay instance 10011" x="0" y="725" width="60" height="101" frameX="-3" frameY="0" frameWidth="63" frameHeight="101"/>
	<SubTexture name="SecurityStay instance 10012" x="452" y="506" width="60" height="101" frameX="-3" frameY="0" frameWidth="63" frameHeight="101"/>
	<SubTexture name="SecurityStay instance 10013" x="371" y="600" width="60" height="101" frameX="-3" frameY="0" frameWidth="63" frameHeight="101"/>
	<SubTexture name="SecurityWalk instance 10000" x="0" y="323" width="66" height="100" frameX="-8" frameY="-4" frameWidth="74" frameHeight="104"/>
	<SubTexture name="SecurityWalk instance 10001" x="920" y="385" width="64" height="101" frameX="-8" frameY="-3" frameWidth="74" frameHeight="104"/>
	<SubTexture name="SecurityWalk instance 10002" x="908" y="686" width="62" height="101" frameX="-8" frameY="-3" frameWidth="74" frameHeight="104"/>
	<SubTexture name="SecurityWalk instance 10003" x="180" y="900" width="58" height="101" frameX="-9" frameY="-2" frameWidth="74" frameHeight="104"/>
	<SubTexture name="SecurityWalk instance 10004" x="362" y="903" width="56" height="102" frameX="-9" frameY="-1" frameWidth="74" frameHeight="104"/>
	<SubTexture name="SecurityWalk instance 10005" x="425" y="809" width="55" height="104" frameX="-8" frameY="0" frameWidth="74" frameHeight="104"/>
	<SubTexture name="SecurityWalk instance 10006" x="663" y="878" width="55" height="103" frameX="-9" frameY="-1" frameWidth="74" frameHeight="104"/>
	<SubTexture name="SecurityWalk instance 10007" x="572" y="597" width="59" height="102" frameX="-6" frameY="-2" frameWidth="74" frameHeight="104"/>
	<SubTexture name="SecurityWalk instance 10008" x="856" y="303" width="64" height="102" frameX="-3" frameY="-2" frameWidth="74" frameHeight="104"/>
	<SubTexture name="SecurityWalk instance 10009" x="907" y="0" width="71" height="101" frameX="0" frameY="-3" frameWidth="74" frameHeight="104"/>
	<SubTexture name="SecurityWalk instance 10010" x="159" y="166" width="67" height="102" frameX="-2" frameY="-2" frameWidth="74" frameHeight="104"/>
	<SubTexture name="SecurityWalk instance 10011" x="791" y="282" width="65" height="102" frameX="-3" frameY="-2" frameWidth="74" frameHeight="104"/>
	<SubTexture name="SecurityWalk instance 10012" x="855" y="405" width="63" height="102" frameX="-4" frameY="-2" frameWidth="74" frameHeight="104"/>
	<SubTexture name="SecurityWalk instance 10013" x="663" y="395" width="62" height="103" frameX="-5" frameY="-1" frameWidth="74" frameHeight="104"/>
	<SubTexture name="SecurityWalk instance 10014" x="191" y="494" width="60" height="103" frameX="-7" frameY="-1" frameWidth="74" frameHeight="104"/>
	<SubTexture name="SecurityWalk instance 10015" x="412" y="393" width="60" height="104" frameX="-7" frameY="0" frameWidth="74" frameHeight="104"/>
	<SubTexture name="SecurityWalk instance 10016" x="725" y="497" width="61" height="103" frameX="-8" frameY="-1" frameWidth="74" frameHeight="104"/>
	<SubTexture name="SecurityWalk instance 10017" x="725" y="395" width="62" height="102" frameX="-8" frameY="-2" frameWidth="74" frameHeight="104"/>
	<SubTexture name="SecurityWalk instance 10018" x="918" y="486" width="64" height="100" frameX="-8" frameY="-3" frameWidth="74" frameHeight="104"/>
	<SubTexture name="SecurityWalk instance 10019" x="911" y="101" width="66" height="101" frameX="-8" frameY="-3" frameWidth="74" frameHeight="104"/>
</TextureAtlas>
